datetime,SOLBUSD_open,SOLBUSD_high,SOLBUSD_low,SOLBUSD_close
2022-01-01 00:00:00,171.49,174.31,171.34,173.27
2022-01-01 01:00:00,173.29,173.74,172.37,172.45
2022-01-01 02:00:00,172.41,173.4,172.06,173.11
2022-01-01 03:00:00,173.19,173.35,172.59,172.9
2022-01-01 04:00:00,172.92,173.3,172.13,172.78
2022-01-01 05:00:00,172.74,173.41,170.84,171.92
2022-01-01 06:00:00,171.93,172.67,171.56,171.56
2022-01-01 07:00:00,171.56,172.97,171.47,172.71
2022-01-01 08:00:00,172.78,173.13,172.44,172.66
2022-01-01 09:00:00,172.72,172.99,172.06,172.6
2022-01-01 10:00:00,172.56,174.22,172.32,173.85
2022-01-01 11:00:00,173.88,174.91,173.58,173.64
2022-01-01 12:00:00,173.72,175.46,173.62,175.08
2022-01-01 13:00:00,175.09,175.64,174.71,175.52
2022-01-01 14:00:00,175.51,177.35,175.51,177.31
2022-01-01 15:00:00,177.35,179.2,176.74,177.73
2022-01-01 16:00:00,177.79,178.82,176.2,176.41
2022-01-01 17:00:00,176.41,177.56,176.28,177.29
2022-01-01 18:00:00,177.29,179.13,177.02,179.12
2022-01-01 19:00:00,179.13,179.58,177.78,178.55
2022-01-01 20:00:00,178.65,179.08,177.8,177.94
2022-01-01 21:00:00,177.91,178.79,177.81,178.37
2022-01-01 22:00:00,178.31,178.76,176.68,177.68
2022-01-01 23:00:00,177.67,178.06,175.19,175.83
2022-01-02 00:00:00,175.89,176.69,175.67,176.66
2022-01-02 01:00:00,176.65,176.93,175.79,175.84
2022-01-02 02:00:00,175.8,176.51,175.59,175.94
2022-01-02 03:00:00,175.86,176.0,174.56,175.11
2022-01-02 04:00:00,175.11,176.33,174.7,175.72
2022-01-02 05:00:00,175.74,176.07,175.28,175.33
2022-01-02 06:00:00,175.37,176.28,175.31,175.63
2022-01-02 07:00:00,175.68,176.83,175.05,175.99
2022-01-02 08:00:00,176.0,176.2,175.57,176.04
2022-01-02 09:00:00,175.99,176.26,175.33,175.43
2022-01-02 10:00:00,175.41,176.33,175.14,176.25
2022-01-02 11:00:00,176.23,178.07,176.23,177.98
2022-01-02 12:00:00,178.0,178.74,177.31,177.79
2022-01-02 13:00:00,177.76,177.76,174.4,175.84
2022-01-02 14:00:00,175.75,176.38,175.11,175.37
2022-01-02 15:00:00,175.35,175.85,174.66,175.76
2022-01-02 16:00:00,175.74,176.13,175.26,175.74
2022-01-02 17:00:00,175.72,177.01,175.7,176.81
2022-01-02 18:00:00,176.83,177.11,175.83,176.36
2022-01-02 19:00:00,176.39,176.5,175.13,175.34
2022-01-02 20:00:00,175.33,175.33,174.19,174.79
2022-01-02 21:00:00,174.74,174.74,173.21,173.47
2022-01-02 22:00:00,173.45,173.75,172.15,172.8
2022-01-02 23:00:00,172.82,173.25,172.05,172.16
2022-01-03 00:00:00,172.15,173.88,172.04,173.52
2022-01-03 01:00:00,173.5,173.57,172.8,173.18
2022-01-03 02:00:00,173.13,173.19,172.5,173.1
2022-01-03 03:00:00,173.14,173.55,172.56,173.01
2022-01-03 04:00:00,173.04,173.4,172.36,173.27
2022-01-03 05:00:00,173.29,174.59,173.29,174.07
2022-01-03 06:00:00,174.1,175.0,174.07,174.75
2022-01-03 07:00:00,174.8,175.02,173.88,174.04
2022-01-03 08:00:00,174.02,175.42,173.96,174.77
2022-01-03 09:00:00,174.71,175.81,173.91,173.96
2022-01-03 10:00:00,173.97,174.57,170.9,170.98
2022-01-03 11:00:00,170.98,171.38,169.0,170.24
2022-01-03 12:00:00,170.19,171.73,169.9,170.66
2022-01-03 13:00:00,170.64,171.35,170.5,170.6
2022-01-03 14:00:00,170.63,170.84,169.94,169.94
2022-01-03 15:00:00,169.94,170.09,166.67,168.44
2022-01-03 16:00:00,168.59,169.92,168.05,169.05
2022-01-03 17:00:00,169.06,170.68,168.57,170.07
2022-01-03 18:00:00,170.1,171.09,169.54,170.1
2022-01-03 19:00:00,170.15,170.42,168.16,168.43
2022-01-03 20:00:00,168.42,169.53,167.81,167.9
2022-01-03 21:00:00,167.93,168.35,167.0,167.68
2022-01-03 22:00:00,167.68,168.09,167.0,167.84
2022-01-03 23:00:00,167.8,168.31,166.46,166.79
2022-01-04 00:00:00,166.74,168.17,166.6,167.49
2022-01-04 01:00:00,167.51,168.17,167.09,167.97
2022-01-04 02:00:00,168.0,169.17,167.5,169.03
2022-01-04 03:00:00,169.01,169.64,168.37,168.68
2022-01-04 04:00:00,168.7,169.0,167.5,167.83
2022-01-04 05:00:00,167.82,170.29,167.32,169.89
2022-01-04 06:00:00,169.88,172.27,169.88,171.67
2022-01-04 07:00:00,171.69,171.95,170.52,171.7
2022-01-04 08:00:00,171.66,172.18,170.75,171.48
2022-01-04 09:00:00,171.54,173.44,171.21,173.07
2022-01-04 10:00:00,173.03,173.85,171.57,172.19
2022-01-04 11:00:00,172.16,172.48,171.0,171.51
2022-01-04 12:00:00,171.5,171.77,170.06,170.15
2022-01-04 13:00:00,170.18,170.88,167.07,167.57
2022-01-04 14:00:00,167.55,169.94,167.15,168.56
2022-01-04 15:00:00,168.55,169.45,168.09,168.69
2022-01-04 16:00:00,168.69,169.28,168.17,169.07
2022-01-04 17:00:00,169.06,169.12,167.99,168.95
2022-01-04 18:00:00,168.9,168.95,167.51,167.74
2022-01-04 19:00:00,167.74,168.88,167.2,168.88
2022-01-04 20:00:00,168.88,168.89,167.24,167.27
2022-01-04 21:00:00,167.29,168.6,167.29,168.4
2022-01-04 22:00:00,168.44,169.28,168.4,169.12
2022-01-04 23:00:00,169.21,169.34,168.31,168.68
2022-01-05 00:00:00,168.65,169.08,168.09,169.05
2022-01-05 01:00:00,169.01,170.13,168.61,170.07
2022-01-05 02:00:00,170.08,170.47,169.38,169.9
2022-01-05 03:00:00,169.9,170.09,169.09,169.8
2022-01-05 04:00:00,169.8,170.86,169.63,170.84
2022-01-05 05:00:00,170.84,171.32,169.72,170.7
2022-01-05 06:00:00,170.7,170.79,168.0,168.52
2022-01-05 07:00:00,168.51,169.0,167.53,168.71
2022-01-05 08:00:00,168.71,169.24,168.0,168.55
2022-01-05 09:00:00,168.56,168.92,167.5,168.21
2022-01-05 10:00:00,168.29,169.22,167.97,168.28
2022-01-05 11:00:00,168.28,168.67,167.52,167.7
2022-01-05 12:00:00,167.67,168.1,163.06,163.52
2022-01-05 13:00:00,163.6,165.34,162.62,163.86
2022-01-05 14:00:00,163.86,164.34,157.57,158.63
2022-01-05 15:00:00,158.64,159.74,155.15,156.31
2022-01-05 16:00:00,156.3,158.23,153.39,153.39
2022-01-05 17:00:00,153.39,154.33,144.75,151.57
2022-01-05 18:00:00,151.55,156.12,151.13,154.5
2022-01-05 19:00:00,154.46,154.77,152.74,154.36
2022-01-05 20:00:00,154.29,154.41,151.63,152.48
2022-01-05 21:00:00,152.44,152.66,150.4,150.88
2022-01-05 22:00:00,150.87,151.37,148.05,148.11
2022-01-05 23:00:00,148.12,150.57,147.0,149.42
2022-01-06 00:00:00,149.45,150.93,148.54,149.33
2022-01-06 01:00:00,149.33,150.18,148.6,149.38
2022-01-06 02:00:00,149.41,150.78,148.76,150.7
2022-01-06 03:00:00,150.7,150.93,148.7,149.6
2022-01-06 04:00:00,149.63,149.76,146.7,146.93
2022-01-06 05:00:00,147.03,148.75,146.21,148.35
2022-01-06 06:00:00,148.35,148.7,146.64,147.54
2022-01-06 07:00:00,147.48,149.01,146.32,149.0
2022-01-06 08:00:00,148.99,149.79,148.23,149.49
2022-01-06 09:00:00,149.5,151.01,148.0,148.51
2022-01-06 10:00:00,148.51,150.0,147.28,149.64
2022-01-06 11:00:00,149.65,150.49,148.81,150.37
2022-01-06 12:00:00,150.37,152.68,150.23,152.23
2022-01-06 13:00:00,152.25,154.4,151.9,154.29
2022-01-06 14:00:00,154.31,154.32,153.37,153.85
2022-01-06 15:00:00,153.86,153.93,151.14,151.75
2022-01-06 16:00:00,151.75,152.14,151.07,151.13
2022-01-06 17:00:00,151.11,152.13,150.53,151.96
2022-01-06 18:00:00,152.01,152.05,150.07,150.27
2022-01-06 19:00:00,150.25,150.67,145.66,145.96
2022-01-06 20:00:00,145.98,147.77,145.96,147.2
2022-01-06 21:00:00,147.2,147.52,144.52,144.84
2022-01-06 22:00:00,144.87,145.14,138.0,139.53
2022-01-06 23:00:00,139.61,140.77,135.5,140.12
2022-01-07 00:00:00,140.18,141.11,138.88,139.98
2022-01-07 01:00:00,140.03,140.13,136.31,137.12
2022-01-07 02:00:00,137.13,139.33,134.55,138.96
2022-01-07 03:00:00,138.97,143.84,138.24,139.6
2022-01-07 04:00:00,139.56,142.21,139.27,141.09
2022-01-07 05:00:00,141.04,141.57,139.07,139.08
2022-01-07 06:00:00,139.07,140.26,138.35,139.13
2022-01-07 07:00:00,139.1,141.9,139.1,140.86
2022-01-07 08:00:00,140.89,142.78,136.0,137.9
2022-01-07 09:00:00,138.08,140.54,137.35,139.87
2022-01-07 10:00:00,139.92,140.01,133.02,135.96
2022-01-07 11:00:00,135.89,140.04,134.43,139.51
2022-01-07 12:00:00,139.45,140.21,138.0,140.19
2022-01-07 13:00:00,140.14,140.37,138.34,139.43
2022-01-07 14:00:00,139.5,140.45,138.28,140.12
2022-01-07 15:00:00,140.2,140.97,138.65,139.65
2022-01-07 16:00:00,139.73,140.42,139.35,139.65
2022-01-07 17:00:00,139.63,139.65,136.06,136.82
2022-01-07 18:00:00,136.76,137.42,135.95,136.42
2022-01-07 19:00:00,136.43,140.04,135.81,139.97
2022-01-07 20:00:00,139.97,141.49,139.63,139.8
2022-01-07 21:00:00,139.84,140.12,138.34,139.8
2022-01-07 22:00:00,139.83,139.83,138.23,139.38
2022-01-07 23:00:00,139.38,141.87,139.34,141.14
2022-01-08 00:00:00,141.13,141.98,140.69,141.88
2022-01-08 01:00:00,141.84,143.77,140.43,143.66
2022-01-08 02:00:00,143.65,144.63,142.52,144.39
2022-01-08 03:00:00,144.41,146.38,144.23,145.7
2022-01-08 04:00:00,145.72,147.0,145.69,146.9
2022-01-08 05:00:00,146.89,148.06,145.92,146.65
2022-01-08 06:00:00,146.64,146.72,144.87,146.42
2022-01-08 07:00:00,146.51,146.79,144.15,145.23
2022-01-08 08:00:00,145.22,145.97,144.43,145.55
2022-01-08 09:00:00,145.55,145.75,143.27,143.51
2022-01-08 10:00:00,143.57,144.74,142.25,144.22
2022-01-08 11:00:00,144.21,146.11,139.78,140.69
2022-01-08 12:00:00,140.69,141.18,135.1,135.4
2022-01-08 13:00:00,135.45,138.27,133.03,133.6
2022-01-08 14:00:00,133.63,136.4,133.13,135.37
2022-01-08 15:00:00,135.36,138.99,134.61,137.62
2022-01-08 16:00:00,137.58,145.93,137.31,144.42
2022-01-08 17:00:00,144.45,146.89,143.63,144.36
2022-01-08 18:00:00,144.29,144.46,141.61,142.14
2022-01-08 19:00:00,142.18,145.38,140.78,144.65
2022-01-08 20:00:00,144.63,145.29,141.75,142.62
2022-01-08 21:00:00,142.6,144.44,141.78,143.89
2022-01-08 22:00:00,143.87,143.95,141.48,141.96
2022-01-08 23:00:00,141.95,143.64,141.76,143.49
2022-01-09 00:00:00,143.53,143.72,140.85,141.16
2022-01-09 01:00:00,141.14,142.18,140.53,141.62
2022-01-09 02:00:00,141.61,142.06,140.09,140.4
2022-01-09 03:00:00,140.42,141.31,139.06,139.34
2022-01-09 04:00:00,139.25,139.95,138.45,138.74
2022-01-09 05:00:00,138.78,139.98,137.82,139.68
2022-01-09 06:00:00,139.66,141.12,139.63,140.64
2022-01-09 07:00:00,140.65,140.9,139.21,139.99
2022-01-09 08:00:00,139.97,140.7,138.45,138.45
2022-01-09 09:00:00,138.45,140.5,138.45,139.82
2022-01-09 10:00:00,139.81,140.24,137.99,140.11
2022-01-09 11:00:00,140.11,143.45,139.7,143.45
2022-01-09 12:00:00,143.46,144.79,142.45,144.55
2022-01-09 13:00:00,144.59,145.0,143.11,143.32
2022-01-09 14:00:00,143.36,145.79,143.01,145.31
2022-01-09 15:00:00,145.36,145.66,143.67,143.67
2022-01-09 16:00:00,143.67,143.99,142.07,142.27
2022-01-09 17:00:00,142.27,142.6,140.85,141.45
2022-01-09 18:00:00,141.49,141.76,140.01,140.84
2022-01-09 19:00:00,140.8,142.53,140.18,140.51
2022-01-09 20:00:00,140.47,141.43,140.01,140.3
2022-01-09 21:00:00,140.36,141.41,138.87,141.0
2022-01-09 22:00:00,141.0,141.0,139.86,140.66
2022-01-09 23:00:00,140.59,143.62,140.33,143.18
2022-01-10 00:00:00,143.18,143.34,142.36,143.0
2022-01-10 01:00:00,143.03,143.29,142.31,142.32
2022-01-10 02:00:00,142.31,143.78,142.3,143.02
2022-01-10 03:00:00,143.07,143.46,141.18,141.56
2022-01-10 04:00:00,141.52,142.13,141.18,141.34
2022-01-10 05:00:00,141.25,142.15,140.67,140.89
2022-01-10 06:00:00,140.89,140.9,139.0,139.47
2022-01-10 07:00:00,139.46,139.72,135.41,135.55
2022-01-10 08:00:00,135.55,136.74,135.1,135.44
2022-01-10 09:00:00,135.41,135.62,130.0,133.35
2022-01-10 10:00:00,133.31,135.76,130.75,133.17
2022-01-10 11:00:00,133.16,137.26,132.64,136.78
2022-01-10 12:00:00,136.79,137.52,131.0,132.92
2022-01-10 13:00:00,132.92,134.67,132.6,133.76
2022-01-10 14:00:00,133.75,134.64,132.33,132.64
2022-01-10 15:00:00,132.71,135.7,131.9,135.32
2022-01-10 16:00:00,135.33,135.71,134.55,135.19
2022-01-10 17:00:00,135.19,135.96,134.52,134.96
2022-01-10 18:00:00,134.95,136.09,134.43,135.9
2022-01-10 19:00:00,135.83,136.14,135.06,135.1
2022-01-10 20:00:00,135.1,135.66,133.59,135.66
2022-01-10 21:00:00,135.66,137.49,135.4,136.96
2022-01-10 22:00:00,136.98,137.5,136.12,137.26
2022-01-10 23:00:00,137.34,137.88,136.06,136.63
2022-01-11 00:00:00,136.63,136.63,135.07,135.64
2022-01-11 01:00:00,135.64,136.75,135.5,136.74
2022-01-11 02:00:00,136.75,137.35,136.27,137.27
2022-01-11 03:00:00,137.27,138.5,136.18,136.46
2022-01-11 04:00:00,136.48,136.95,135.37,136.1
2022-01-11 05:00:00,136.02,136.66,134.33,134.6
2022-01-11 06:00:00,134.68,136.21,134.49,135.4
2022-01-11 07:00:00,135.4,137.09,135.13,136.53
2022-01-11 08:00:00,136.54,137.11,135.71,136.92
2022-01-11 09:00:00,136.9,137.77,135.03,136.48
2022-01-11 10:00:00,136.39,138.06,135.85,137.09
2022-01-11 11:00:00,137.08,141.42,137.0,140.57
2022-01-11 12:00:00,140.63,143.09,140.19,141.67
2022-01-11 13:00:00,141.72,143.51,140.8,142.4
2022-01-11 14:00:00,142.41,142.91,141.51,142.46
2022-01-11 15:00:00,142.49,143.16,141.63,141.98
2022-01-11 16:00:00,142.0,142.24,140.92,141.01
2022-01-11 17:00:00,141.0,141.2,140.11,140.31
2022-01-11 18:00:00,140.25,140.92,139.71,140.25
2022-01-11 19:00:00,140.24,141.56,139.91,139.96
2022-01-11 20:00:00,139.97,140.25,139.16,139.92
2022-01-11 21:00:00,139.94,140.88,139.94,140.81
2022-01-11 22:00:00,140.79,141.07,139.94,140.1
2022-01-11 23:00:00,140.12,140.39,139.68,140.17
2022-01-12 00:00:00,140.13,140.4,139.7,140.35
2022-01-12 01:00:00,140.35,140.87,139.44,139.75
2022-01-12 02:00:00,139.75,139.84,138.26,138.97
2022-01-12 03:00:00,138.97,140.29,138.72,139.88
2022-01-12 04:00:00,139.83,144.24,139.57,141.92
2022-01-12 05:00:00,141.92,142.72,140.56,140.73
2022-01-12 06:00:00,140.73,142.6,140.07,141.44
2022-01-12 07:00:00,141.44,143.71,141.26,143.61
2022-01-12 08:00:00,143.63,147.88,142.51,147.28
2022-01-12 09:00:00,147.23,147.63,145.64,147.15
2022-01-12 10:00:00,147.19,148.68,146.36,147.77
2022-01-12 11:00:00,147.78,152.3,147.67,152.23
2022-01-12 12:00:00,152.24,152.24,150.31,151.06
2022-01-12 13:00:00,151.18,151.46,150.42,150.62
2022-01-12 14:00:00,150.59,153.21,149.15,152.79
2022-01-12 15:00:00,152.78,153.22,151.37,151.81
2022-01-12 16:00:00,151.91,153.32,151.67,151.96
2022-01-12 17:00:00,151.98,152.83,151.6,152.2
2022-01-12 18:00:00,152.18,152.65,151.42,151.55
2022-01-12 19:00:00,151.55,152.25,150.56,150.8
2022-01-12 20:00:00,150.81,151.2,149.28,149.48
2022-01-12 21:00:00,149.49,150.21,149.27,149.39
2022-01-12 22:00:00,149.4,149.7,148.27,148.71
2022-01-12 23:00:00,148.71,149.69,148.68,149.15
2022-01-13 00:00:00,149.15,150.0,148.77,149.6
2022-01-13 01:00:00,149.57,150.98,149.39,150.51
2022-01-13 02:00:00,150.47,151.64,150.08,151.47
2022-01-13 03:00:00,151.47,153.0,151.29,151.92
2022-01-13 04:00:00,151.94,152.27,150.92,151.89
2022-01-13 05:00:00,151.9,152.87,151.76,151.81
2022-01-13 06:00:00,151.84,152.1,149.97,150.37
2022-01-13 07:00:00,150.36,153.89,150.33,153.76
2022-01-13 08:00:00,153.75,154.98,153.56,154.9
2022-01-13 09:00:00,154.9,157.84,154.58,157.17
2022-01-13 10:00:00,157.2,157.42,151.69,154.99
2022-01-13 11:00:00,154.99,155.26,152.55,152.55
2022-01-13 12:00:00,152.54,153.34,148.67,150.76
2022-01-13 13:00:00,150.68,151.78,148.74,149.65
2022-01-13 14:00:00,149.6,151.43,146.62,147.62
2022-01-13 15:00:00,147.67,148.46,145.54,148.46
2022-01-13 16:00:00,148.47,149.9,147.86,149.0
2022-01-13 17:00:00,149.0,149.45,146.26,146.73
2022-01-13 18:00:00,146.68,147.57,145.55,146.16
2022-01-13 19:00:00,146.16,148.05,144.41,147.74
2022-01-13 20:00:00,147.84,147.98,146.75,147.39
2022-01-13 21:00:00,147.38,147.94,145.76,147.87
2022-01-13 22:00:00,147.88,148.03,146.8,147.6
2022-01-13 23:00:00,147.56,149.0,147.5,147.91
2022-01-14 00:00:00,147.92,149.46,147.21,149.4
2022-01-14 01:00:00,149.36,150.61,148.84,149.63
2022-01-14 02:00:00,149.66,149.67,146.84,147.77
2022-01-14 03:00:00,147.77,147.86,145.21,146.24
2022-01-14 04:00:00,146.25,147.42,146.2,146.64
2022-01-14 05:00:00,146.63,147.07,142.64,143.18
2022-01-14 06:00:00,143.19,143.77,141.94,143.48
2022-01-14 07:00:00,143.43,144.95,142.06,143.81
2022-01-14 08:00:00,143.84,145.28,142.89,143.36
2022-01-14 09:00:00,143.32,146.99,142.97,146.6
2022-01-14 10:00:00,146.66,148.4,145.72,147.34
2022-01-14 11:00:00,147.39,148.17,145.6,147.79
2022-01-14 12:00:00,147.84,148.61,145.82,145.93
2022-01-14 13:00:00,145.97,147.22,145.7,146.96
2022-01-14 14:00:00,146.97,149.84,146.81,148.4
2022-01-14 15:00:00,148.4,149.08,146.66,146.66
2022-01-14 16:00:00,146.67,147.68,146.34,147.09
2022-01-14 17:00:00,147.08,147.56,146.29,147.03
2022-01-14 18:00:00,147.01,147.42,145.4,146.24
2022-01-14 19:00:00,146.25,146.54,145.11,145.77
2022-01-14 20:00:00,145.79,146.99,145.53,146.54
2022-01-14 21:00:00,146.5,147.34,146.02,147.07
2022-01-14 22:00:00,147.08,147.17,145.71,146.0
2022-01-14 23:00:00,146.0,146.34,144.66,145.25
2022-01-15 00:00:00,145.2,145.9,145.16,145.22
2022-01-15 01:00:00,145.22,145.7,144.77,145.7
2022-01-15 02:00:00,145.69,145.89,145.12,145.56
2022-01-15 03:00:00,145.55,146.12,145.27,145.42
2022-01-15 04:00:00,145.41,145.8,145.0,145.69
2022-01-15 05:00:00,145.54,146.41,145.43,145.73
2022-01-15 06:00:00,145.73,146.85,145.45,146.49
2022-01-15 07:00:00,146.48,146.76,144.0,144.84
2022-01-15 08:00:00,144.83,145.55,144.34,145.43
2022-01-15 09:00:00,145.46,146.87,145.12,146.55
2022-01-15 10:00:00,146.53,148.66,145.94,148.0
2022-01-15 11:00:00,148.06,148.8,147.67,148.13
2022-01-15 12:00:00,148.12,148.88,147.95,148.41
2022-01-15 13:00:00,148.41,148.57,147.23,147.58
2022-01-15 14:00:00,147.65,148.45,147.46,147.95
2022-01-15 15:00:00,148.0,149.56,148.0,148.81
2022-01-15 16:00:00,148.81,149.18,147.62,148.02
2022-01-15 17:00:00,148.07,148.85,147.99,148.52
2022-01-15 18:00:00,148.53,148.71,147.46,147.7
2022-01-15 19:00:00,147.69,147.86,146.8,147.41
2022-01-15 20:00:00,147.45,148.23,147.26,147.26
2022-01-15 21:00:00,147.25,147.72,146.19,146.53
2022-01-15 22:00:00,146.52,147.27,146.15,146.93
2022-01-15 23:00:00,146.94,147.8,146.41,147.3
2022-01-16 00:00:00,147.27,147.6,146.56,146.6
2022-01-16 01:00:00,146.56,148.67,146.49,148.52
2022-01-16 02:00:00,148.53,150.07,148.34,149.77
2022-01-16 03:00:00,149.77,150.79,148.93,149.05
2022-01-16 04:00:00,149.05,149.59,148.85,149.19
2022-01-16 05:00:00,149.22,150.08,148.31,148.36
2022-01-16 06:00:00,148.34,148.65,147.64,148.19
2022-01-16 07:00:00,148.19,149.3,148.06,148.85
2022-01-16 08:00:00,148.86,150.0,147.14,149.89
2022-01-16 09:00:00,149.86,151.98,149.34,151.31
2022-01-16 10:00:00,151.27,151.46,149.73,150.02
2022-01-16 11:00:00,150.02,151.0,149.67,150.23
2022-01-16 12:00:00,150.24,150.75,149.18,149.61
2022-01-16 13:00:00,149.58,149.94,148.56,148.87
2022-01-16 14:00:00,148.87,149.03,147.81,148.06
2022-01-16 15:00:00,148.04,148.71,147.4,147.77
2022-01-16 16:00:00,147.77,148.24,146.0,146.77
2022-01-16 17:00:00,146.76,148.25,146.57,147.89
2022-01-16 18:00:00,147.96,148.46,147.36,148.05
2022-01-16 19:00:00,148.04,148.33,146.58,146.86
2022-01-16 20:00:00,146.78,147.05,145.65,146.03
2022-01-16 21:00:00,146.02,146.09,144.64,145.15
2022-01-16 22:00:00,145.15,145.27,143.0,143.02
2022-01-16 23:00:00,143.0,143.99,142.58,142.86
2022-01-17 00:00:00,142.83,143.2,141.76,143.07
2022-01-17 01:00:00,143.05,143.69,142.81,143.11
2022-01-17 02:00:00,143.09,143.93,142.98,143.29
2022-01-17 03:00:00,143.31,143.77,142.95,143.59
2022-01-17 04:00:00,143.59,144.14,143.07,143.79
2022-01-17 05:00:00,143.75,144.14,142.41,143.39
2022-01-17 06:00:00,143.36,143.8,142.38,142.55
2022-01-17 07:00:00,142.5,143.05,141.11,142.14
2022-01-17 08:00:00,142.15,143.0,142.03,142.43
2022-01-17 09:00:00,142.44,143.85,142.27,143.45
2022-01-17 10:00:00,143.53,143.53,141.71,142.23
2022-01-17 11:00:00,142.19,142.53,140.2,140.91
2022-01-17 12:00:00,140.9,141.0,139.22,139.91
2022-01-17 13:00:00,139.95,140.01,138.75,139.49
2022-01-17 14:00:00,139.5,140.14,139.21,139.92
2022-01-17 15:00:00,139.93,140.22,139.15,139.15
2022-01-17 16:00:00,139.15,139.58,136.93,138.2
2022-01-17 17:00:00,138.25,139.99,137.44,139.2
2022-01-17 18:00:00,139.2,140.33,139.2,139.79
2022-01-17 19:00:00,139.83,141.62,139.64,141.32
2022-01-17 20:00:00,141.36,141.86,140.18,140.91
2022-01-17 21:00:00,140.92,140.98,139.69,140.16
2022-01-17 22:00:00,140.2,140.57,139.02,139.28
2022-01-17 23:00:00,139.2,139.5,138.16,138.76
2022-01-18 00:00:00,138.74,139.34,138.33,139.12
2022-01-18 01:00:00,139.13,140.93,139.1,140.63
2022-01-18 02:00:00,140.67,140.89,139.54,140.26
2022-01-18 03:00:00,140.26,140.39,137.79,137.94
2022-01-18 04:00:00,137.94,138.26,136.0,137.41
2022-01-18 05:00:00,137.36,138.2,136.98,137.37
2022-01-18 06:00:00,137.38,137.8,136.94,137.67
2022-01-18 07:00:00,137.65,138.25,136.46,137.44
2022-01-18 08:00:00,137.47,137.78,135.29,136.41
2022-01-18 09:00:00,136.42,136.71,134.43,136.19
2022-01-18 10:00:00,136.18,137.77,135.66,136.65
2022-01-18 11:00:00,136.69,137.89,136.0,137.34
2022-01-18 12:00:00,137.34,137.69,136.3,136.37
2022-01-18 13:00:00,136.37,136.77,135.64,136.02
2022-01-18 14:00:00,136.0,137.52,135.87,137.04
2022-01-18 15:00:00,137.07,137.68,136.41,137.61
2022-01-18 16:00:00,137.64,140.86,137.35,140.59
2022-01-18 17:00:00,140.61,141.46,139.91,140.92
2022-01-18 18:00:00,140.92,142.76,140.1,141.33
2022-01-18 19:00:00,141.37,141.91,140.2,140.28
2022-01-18 20:00:00,140.32,142.71,140.25,141.97
2022-01-18 21:00:00,141.99,142.28,140.15,140.42
2022-01-18 22:00:00,140.44,140.84,137.0,138.02
2022-01-18 23:00:00,138.03,139.05,137.64,138.66
2022-01-19 00:00:00,138.65,139.19,138.01,138.33
2022-01-19 01:00:00,138.31,138.76,137.61,137.61
2022-01-19 02:00:00,137.61,137.69,133.95,134.5
2022-01-19 03:00:00,134.5,134.89,132.84,133.51
2022-01-19 04:00:00,133.57,134.85,133.29,134.57
2022-01-19 05:00:00,134.58,135.01,133.81,134.47
2022-01-19 06:00:00,134.52,136.39,134.47,136.21
2022-01-19 07:00:00,136.19,137.18,135.54,136.14
2022-01-19 08:00:00,136.17,137.45,136.17,136.85
2022-01-19 09:00:00,136.86,138.62,136.38,138.58
2022-01-19 10:00:00,138.6,138.65,135.96,136.98
2022-01-19 11:00:00,136.93,137.33,135.38,136.35
2022-01-19 12:00:00,136.35,138.06,136.23,137.41
2022-01-19 13:00:00,137.38,137.76,136.26,136.93
2022-01-19 14:00:00,136.91,137.18,136.23,136.79
2022-01-19 15:00:00,136.78,137.04,135.04,135.48
2022-01-19 16:00:00,135.54,136.45,135.54,135.83
2022-01-19 17:00:00,135.81,137.49,135.05,137.07
2022-01-19 18:00:00,137.11,137.19,135.09,135.29
2022-01-19 19:00:00,135.25,136.45,135.14,136.25
2022-01-19 20:00:00,136.27,136.53,134.51,135.2
2022-01-19 21:00:00,135.18,136.63,135.18,136.29
2022-01-19 22:00:00,136.24,137.23,136.0,137.02
2022-01-19 23:00:00,137.08,137.32,136.55,136.82
2022-01-20 00:00:00,136.8,137.16,136.25,137.08
2022-01-20 01:00:00,137.01,137.87,137.0,137.56
2022-01-20 02:00:00,137.59,137.69,137.13,137.41
2022-01-20 03:00:00,137.43,137.6,136.83,137.12
2022-01-20 04:00:00,137.11,137.2,135.61,136.76
2022-01-20 05:00:00,136.77,137.33,136.65,136.94
2022-01-20 06:00:00,136.95,138.21,136.95,137.94
2022-01-20 07:00:00,137.92,137.94,136.97,137.27
2022-01-20 08:00:00,137.26,140.12,137.14,139.16
2022-01-20 09:00:00,139.22,141.96,139.18,141.62
2022-01-20 10:00:00,141.66,143.56,141.38,143.2
2022-01-20 11:00:00,143.17,143.87,141.99,142.71
2022-01-20 12:00:00,142.74,142.84,140.1,140.21
2022-01-20 13:00:00,140.21,140.91,139.74,140.14
2022-01-20 14:00:00,140.14,141.6,139.81,139.96
2022-01-20 15:00:00,139.95,140.24,137.93,138.32
2022-01-20 16:00:00,138.24,138.4,132.0,132.21
2022-01-20 17:00:00,132.25,133.71,129.74,131.95
2022-01-20 18:00:00,132.08,132.08,126.07,127.59
2022-01-20 19:00:00,127.57,128.75,126.57,126.85
2022-01-20 20:00:00,126.83,127.02,121.25,121.51
2022-01-20 21:00:00,121.48,127.96,121.1,126.89
2022-01-20 22:00:00,126.81,127.71,123.04,124.22
2022-01-20 23:00:00,124.22,126.78,124.18,125.6
2022-01-21 00:00:00,125.63,126.82,124.83,125.89
2022-01-21 01:00:00,125.93,126.28,124.15,124.29
2022-01-21 02:00:00,124.3,126.73,123.85,126.61
2022-01-21 03:00:00,126.57,126.89,125.0,125.67
2022-01-21 04:00:00,125.7,125.75,123.23,123.37
2022-01-21 05:00:00,123.38,124.12,122.42,123.72
2022-01-21 06:00:00,123.68,124.0,121.31,122.23
2022-01-21 07:00:00,122.2,122.49,115.55,118.08
2022-01-21 08:00:00,118.09,119.27,117.06,119.05
2022-01-21 09:00:00,119.07,120.9,117.79,118.9
2022-01-21 10:00:00,118.85,122.76,117.17,121.88
2022-01-21 11:00:00,121.91,125.15,121.11,124.18
2022-01-21 12:00:00,124.22,126.88,122.05,123.45
2022-01-21 13:00:00,123.45,125.46,121.89,123.66
2022-01-21 14:00:00,123.69,124.87,120.14,120.18
2022-01-21 15:00:00,120.34,121.98,117.25,119.96
2022-01-21 16:00:00,120.04,122.04,109.44,113.07
2022-01-21 17:00:00,113.08,114.84,106.16,110.27
2022-01-21 18:00:00,110.28,113.79,107.78,112.3
2022-01-21 19:00:00,112.34,114.28,109.78,111.46
2022-01-21 20:00:00,111.48,113.26,110.12,112.87
2022-01-21 21:00:00,112.88,112.97,111.05,111.54
2022-01-21 22:00:00,111.62,113.15,108.37,109.69
2022-01-21 23:00:00,109.7,110.46,108.64,110.0
2022-01-22 00:00:00,109.88,110.12,103.63,104.34
2022-01-22 01:00:00,104.34,105.07,99.34,102.42
2022-01-22 02:00:00,102.43,104.0,98.35,100.42
2022-01-22 03:00:00,100.42,103.81,100.42,100.96
2022-01-22 04:00:00,100.98,103.26,96.4,97.09
2022-01-22 05:00:00,97.18,99.46,87.64,99.24
2022-01-22 06:00:00,99.18,99.99,95.83,98.71
2022-01-22 07:00:00,98.72,102.54,98.02,102.17
2022-01-22 08:00:00,102.16,103.3,99.66,99.76
2022-01-22 09:00:00,99.78,100.06,95.88,96.1
2022-01-22 10:00:00,96.09,96.98,92.95,93.08
2022-01-22 11:00:00,93.07,98.52,91.5,95.34
2022-01-22 12:00:00,95.32,96.39,92.05,92.32
2022-01-22 13:00:00,92.21,93.59,89.7,89.97
2022-01-22 14:00:00,90.04,92.36,88.5,90.59
2022-01-22 15:00:00,90.65,96.48,89.75,95.61
2022-01-22 16:00:00,95.63,97.33,94.85,95.91
2022-01-22 17:00:00,95.93,96.68,92.61,93.29
2022-01-22 18:00:00,93.19,94.94,92.94,94.53
2022-01-22 19:00:00,94.61,98.61,93.52,98.34
2022-01-22 20:00:00,98.34,99.23,97.19,97.77
2022-01-22 21:00:00,97.81,98.06,93.3,93.6
2022-01-22 22:00:00,93.63,95.06,93.26,94.41
2022-01-22 23:00:00,94.39,96.52,93.95,95.37
2022-01-23 00:00:00,95.39,97.7,93.52,97.35
2022-01-23 01:00:00,97.33,97.77,96.49,97.15
2022-01-23 02:00:00,97.1,101.63,96.72,101.2
2022-01-23 03:00:00,101.2,101.6,99.78,101.6
2022-01-23 04:00:00,101.6,104.7,101.15,104.38
2022-01-23 05:00:00,104.43,104.44,102.17,103.24
2022-01-23 06:00:00,103.25,103.48,101.21,101.86
2022-01-23 07:00:00,101.85,102.46,100.06,101.16
2022-01-23 08:00:00,101.17,102.92,100.46,102.7
2022-01-23 09:00:00,102.75,103.2,96.14,98.18
2022-01-23 10:00:00,98.13,99.18,97.15,98.88
2022-01-23 11:00:00,98.89,99.74,96.94,97.75
2022-01-23 12:00:00,97.78,99.05,97.61,98.54
2022-01-23 13:00:00,98.51,99.1,95.22,95.76
2022-01-23 14:00:00,95.72,96.56,93.95,94.79
2022-01-23 15:00:00,94.76,96.75,94.21,96.09
2022-01-23 16:00:00,96.05,96.7,94.9,95.52
2022-01-23 17:00:00,95.57,96.43,94.67,96.08
2022-01-23 18:00:00,96.18,101.89,95.85,99.74
2022-01-23 19:00:00,99.83,99.89,91.88,92.9
2022-01-23 20:00:00,92.84,94.39,92.24,92.97
2022-01-23 21:00:00,92.97,93.07,91.41,91.84
2022-01-23 22:00:00,91.83,92.44,91.35,92.14
2022-01-23 23:00:00,92.12,92.86,89.6,90.15
2022-01-24 00:00:00,90.15,90.15,88.6,88.65
2022-01-24 01:00:00,88.64,90.26,87.73,88.88
2022-01-24 02:00:00,88.88,88.88,86.06,86.74
2022-01-24 03:00:00,86.83,89.47,86.33,87.41
2022-01-24 04:00:00,87.33,88.0,84.32,84.84
2022-01-24 05:00:00,84.86,85.25,81.58,82.02
2022-01-24 06:00:00,82.06,87.14,81.79,83.95
2022-01-24 07:00:00,84.07,84.53,80.85,81.89
2022-01-24 08:00:00,81.92,84.61,81.15,81.84
2022-01-24 09:00:00,81.85,88.03,80.9,84.5
2022-01-24 10:00:00,84.55,88.01,82.46,87.42
2022-01-24 11:00:00,87.45,87.91,83.48,85.73
2022-01-24 12:00:00,85.7,90.08,84.0,88.95
2022-01-24 13:00:00,88.98,91.57,88.0,90.16
2022-01-24 14:00:00,90.13,90.7,87.7,89.7
2022-01-24 15:00:00,89.68,96.29,89.55,95.14
2022-01-24 16:00:00,95.03,95.09,92.51,93.27
2022-01-24 17:00:00,93.25,93.34,91.44,92.14
2022-01-24 18:00:00,92.18,92.86,90.91,91.99
2022-01-24 19:00:00,91.94,92.03,89.07,89.23
2022-01-24 20:00:00,89.29,90.13,87.92,88.2
2022-01-24 21:00:00,88.28,90.54,87.99,90.26
2022-01-24 22:00:00,90.31,90.7,89.28,90.13
2022-01-24 23:00:00,90.1,90.36,87.47,87.61
2022-01-25 00:00:00,87.55,89.32,87.51,89.23
2022-01-25 01:00:00,89.15,90.75,88.49,88.52
2022-01-25 02:00:00,88.55,90.07,88.06,89.99
2022-01-25 03:00:00,89.98,92.79,89.93,90.86
2022-01-25 04:00:00,90.86,92.83,90.44,92.5
2022-01-25 05:00:00,92.5,94.55,91.95,92.83
2022-01-25 06:00:00,92.82,93.4,91.41,91.64
2022-01-25 07:00:00,91.63,92.98,90.86,92.26
2022-01-25 08:00:00,92.27,92.45,90.42,91.49
2022-01-25 09:00:00,91.45,94.86,90.91,91.89
2022-01-25 10:00:00,91.88,93.71,90.54,92.9
2022-01-25 11:00:00,92.91,94.47,92.73,93.84
2022-01-25 12:00:00,93.85,97.98,93.41,96.59
2022-01-25 13:00:00,96.59,100.0,96.16,99.77
2022-01-25 14:00:00,99.77,99.9,95.84,96.19
2022-01-25 15:00:00,96.19,96.31,94.02,94.19
2022-01-25 16:00:00,94.28,94.5,92.0,92.86
2022-01-25 17:00:00,92.87,93.76,92.61,93.57
2022-01-25 18:00:00,93.57,95.84,93.23,94.62
2022-01-25 19:00:00,94.69,94.88,92.4,92.89
2022-01-25 20:00:00,92.92,93.5,91.33,92.86
2022-01-25 21:00:00,92.85,94.03,92.66,92.72
2022-01-25 22:00:00,92.71,95.42,92.69,94.72
2022-01-25 23:00:00,94.74,97.02,94.26,96.33
2022-01-26 00:00:00,96.29,96.54,95.3,95.56
2022-01-26 01:00:00,95.58,95.79,93.82,94.11
2022-01-26 02:00:00,94.18,94.97,93.66,94.42
2022-01-26 03:00:00,94.47,96.4,94.41,96.13
2022-01-26 04:00:00,96.1,97.67,95.36,95.91
2022-01-26 05:00:00,95.91,97.59,95.42,97.12
2022-01-26 06:00:00,97.12,98.29,96.48,98.13
2022-01-26 07:00:00,98.12,98.13,96.31,96.36
2022-01-26 08:00:00,96.33,100.6,95.79,99.77
2022-01-26 09:00:00,99.75,102.07,99.44,100.62
2022-01-26 10:00:00,100.56,101.09,97.61,98.89
2022-01-26 11:00:00,98.78,99.87,98.52,99.65
2022-01-26 12:00:00,99.75,100.36,97.85,98.44
2022-01-26 13:00:00,98.45,99.13,96.31,98.01
2022-01-26 14:00:00,98.01,104.5,97.71,98.24
2022-01-26 15:00:00,98.26,98.26,91.8,94.04
2022-01-26 16:00:00,94.08,94.91,89.92,90.06
2022-01-26 17:00:00,90.08,92.03,89.3,91.8
2022-01-26 18:00:00,91.79,92.85,91.65,92.18
2022-01-26 19:00:00,92.17,93.7,91.5,92.99
2022-01-26 20:00:00,92.96,92.98,88.22,88.39
2022-01-26 21:00:00,88.39,88.39,85.7,88.06
2022-01-26 22:00:00,88.0,88.88,85.75,86.82
2022-01-26 23:00:00,86.74,88.37,86.37,87.8
2022-01-27 00:00:00,87.84,89.39,87.43,88.44
2022-01-27 01:00:00,88.45,89.05,87.29,88.97
2022-01-27 02:00:00,89.0,89.94,88.18,88.81
2022-01-27 03:00:00,88.88,90.18,88.27,90.12
2022-01-27 04:00:00,90.09,91.32,89.53,90.49
2022-01-27 05:00:00,90.48,91.15,89.71,89.92
2022-01-27 06:00:00,89.93,91.4,89.93,91.21
2022-01-27 07:00:00,91.26,92.03,90.78,91.62
2022-01-27 08:00:00,91.65,93.28,91.33,93.02
2022-01-27 09:00:00,93.02,94.66,92.41,93.64
2022-01-27 10:00:00,93.61,94.23,91.95,92.32
2022-01-27 11:00:00,92.35,93.5,91.06,92.52
2022-01-27 12:00:00,92.54,92.86,89.42,90.4
2022-01-27 13:00:00,90.35,91.32,89.46,90.99
2022-01-27 14:00:00,90.94,91.77,89.14,89.91
2022-01-27 15:00:00,90.0,90.68,87.11,87.16
2022-01-27 16:00:00,87.24,88.12,85.73,87.02
2022-01-27 17:00:00,87.01,89.71,85.84,88.37
2022-01-27 18:00:00,88.37,90.0,88.37,89.53
2022-01-27 19:00:00,89.54,91.4,88.89,91.24
2022-01-27 20:00:00,91.24,92.78,89.01,90.06
2022-01-27 21:00:00,90.05,91.51,88.71,91.39
2022-01-27 22:00:00,91.36,92.95,91.13,92.47
2022-01-27 23:00:00,92.52,93.08,91.26,92.2
2022-01-28 00:00:00,92.18,93.42,91.75,92.98
2022-01-28 01:00:00,92.98,93.56,90.68,90.72
2022-01-28 02:00:00,90.69,91.76,89.57,89.67
2022-01-28 03:00:00,89.7,90.26,89.0,90.15
2022-01-28 04:00:00,90.14,90.99,89.13,89.61
2022-01-28 05:00:00,89.61,89.99,88.32,89.09
2022-01-28 06:00:00,88.98,89.27,87.62,88.65
2022-01-28 07:00:00,88.67,89.29,87.17,87.74
2022-01-28 08:00:00,87.74,90.08,87.2,89.79
2022-01-28 09:00:00,89.8,90.53,88.15,88.82
2022-01-28 10:00:00,88.85,91.45,88.52,91.19
2022-01-28 11:00:00,91.2,92.7,90.64,91.38
2022-01-28 12:00:00,91.38,91.92,90.06,90.6
2022-01-28 13:00:00,90.54,93.14,90.53,92.05
2022-01-28 14:00:00,92.04,92.44,90.23,91.62
2022-01-28 15:00:00,91.7,93.0,90.78,92.25
2022-01-28 16:00:00,92.29,93.5,91.78,92.16
2022-01-28 17:00:00,92.18,92.44,90.27,90.4
2022-01-28 18:00:00,90.39,91.8,90.39,91.35
2022-01-28 19:00:00,91.4,93.8,90.93,92.86
2022-01-28 20:00:00,92.83,93.16,90.55,91.28
2022-01-28 21:00:00,91.33,91.76,90.74,91.43
2022-01-28 22:00:00,91.44,92.43,91.12,92.12
2022-01-28 23:00:00,92.17,94.41,92.04,94.16
2022-01-29 00:00:00,94.19,95.34,93.35,95.29
2022-01-29 01:00:00,95.32,96.0,94.76,95.39
2022-01-29 02:00:00,95.4,97.26,95.4,97.22
2022-01-29 03:00:00,97.23,97.59,96.2,96.44
2022-01-29 04:00:00,96.44,97.71,95.29,97.48
2022-01-29 05:00:00,97.46,97.54,96.54,96.94
2022-01-29 06:00:00,96.92,96.92,95.93,96.34
2022-01-29 07:00:00,96.32,96.95,95.91,96.68
2022-01-29 08:00:00,96.66,98.93,96.0,98.18
2022-01-29 09:00:00,98.2,98.34,94.76,95.31
2022-01-29 10:00:00,95.21,96.08,93.87,95.12
2022-01-29 11:00:00,95.03,95.29,93.46,94.94
2022-01-29 12:00:00,94.92,95.42,93.73,94.07
2022-01-29 13:00:00,94.14,95.27,94.01,94.84
2022-01-29 14:00:00,94.83,95.85,94.76,95.25
2022-01-29 15:00:00,95.29,96.89,95.01,95.76
2022-01-29 16:00:00,95.78,96.89,95.51,96.17
2022-01-29 17:00:00,96.15,96.3,95.37,95.43
2022-01-29 18:00:00,95.44,96.48,94.61,96.22
2022-01-29 19:00:00,96.2,96.37,93.58,93.6
2022-01-29 20:00:00,93.62,94.78,93.59,94.7
2022-01-29 21:00:00,94.69,94.86,93.79,94.73
2022-01-29 22:00:00,94.7,95.09,94.29,94.46
2022-01-29 23:00:00,94.46,95.87,94.4,95.32
2022-01-30 00:00:00,95.33,96.2,95.26,95.95
2022-01-30 01:00:00,95.88,96.73,95.77,96.55
2022-01-30 02:00:00,96.54,97.6,96.38,96.74
2022-01-30 03:00:00,96.77,97.13,95.65,95.75
2022-01-30 04:00:00,95.74,96.13,95.1,95.45
2022-01-30 05:00:00,95.47,96.5,95.27,96.5
2022-01-30 06:00:00,96.47,96.77,95.65,96.34
2022-01-30 07:00:00,96.37,96.57,95.11,95.38
2022-01-30 08:00:00,95.38,95.57,94.61,95.05
2022-01-30 09:00:00,95.07,95.3,93.86,94.72
2022-01-30 10:00:00,94.74,95.43,94.33,95.19
2022-01-30 11:00:00,95.19,95.92,94.48,94.64
2022-01-30 12:00:00,94.64,95.37,94.16,95.1
2022-01-30 13:00:00,95.1,95.18,94.2,94.41
2022-01-30 14:00:00,94.41,94.44,91.76,92.06
2022-01-30 15:00:00,92.05,93.0,91.42,92.72
2022-01-30 16:00:00,92.68,92.84,91.69,92.55
2022-01-30 17:00:00,92.47,93.0,92.12,92.97
2022-01-30 18:00:00,92.91,94.27,92.91,93.37
2022-01-30 19:00:00,93.31,93.65,90.56,90.77
2022-01-30 20:00:00,90.78,91.3,90.24,90.26
2022-01-30 21:00:00,90.25,91.3,89.3,90.85
2022-01-30 22:00:00,90.81,91.15,90.43,90.83
2022-01-30 23:00:00,90.74,90.76,89.23,89.92
2022-01-31 00:00:00,89.86,90.44,89.49,90.28
2022-01-31 01:00:00,90.27,90.54,89.85,89.91
2022-01-31 02:00:00,89.95,90.49,89.76,90.31
2022-01-31 03:00:00,90.33,90.71,90.1,90.33
2022-01-31 04:00:00,90.34,90.91,90.02,90.82
2022-01-31 05:00:00,90.91,91.67,90.4,91.53
2022-01-31 06:00:00,91.51,91.77,90.28,91.42
2022-01-31 07:00:00,91.44,91.89,90.44,91.11
2022-01-31 08:00:00,91.11,92.19,90.4,91.96
2022-01-31 09:00:00,91.96,92.66,91.23,92.56
2022-01-31 10:00:00,92.55,96.05,92.52,95.46
2022-01-31 11:00:00,95.46,98.77,95.0,97.9
2022-01-31 12:00:00,97.93,98.45,97.05,97.69
2022-01-31 13:00:00,97.68,98.04,97.02,97.74
2022-01-31 14:00:00,97.76,98.63,97.31,98.38
2022-01-31 15:00:00,98.41,99.41,97.46,98.25
2022-01-31 16:00:00,98.25,99.98,98.06,99.35
2022-01-31 17:00:00,99.35,101.43,98.92,99.98
2022-01-31 18:00:00,99.92,100.28,98.99,99.54
2022-01-31 19:00:00,99.55,101.28,99.07,100.46
2022-01-31 20:00:00,100.51,102.85,100.39,102.05
2022-01-31 21:00:00,102.07,102.65,101.72,102.41
2022-01-31 22:00:00,102.44,108.02,102.35,106.97
2022-01-31 23:00:00,106.95,107.57,105.39,106.16
2022-02-01 00:00:00,106.15,106.3,105.08,105.18
2022-02-01 01:00:00,105.07,105.87,104.55,105.06
2022-02-01 02:00:00,105.0,105.93,105.0,105.48
2022-02-01 03:00:00,105.47,107.6,105.22,107.5
2022-02-01 04:00:00,107.46,109.12,103.83,104.61
2022-02-01 05:00:00,104.59,106.37,104.04,106.12
2022-02-01 06:00:00,106.15,107.86,105.67,106.4
2022-02-01 07:00:00,106.41,107.54,106.04,107.15
2022-02-01 08:00:00,107.13,108.7,106.18,108.08
2022-02-01 09:00:00,108.09,110.98,107.27,108.02
2022-02-01 10:00:00,108.15,109.09,105.97,108.77
2022-02-01 11:00:00,108.79,113.67,108.77,113.05
2022-02-01 12:00:00,113.08,113.56,110.45,111.6
2022-02-01 13:00:00,111.62,112.7,110.91,111.51
2022-02-01 14:00:00,111.56,111.98,107.89,107.95
2022-02-01 15:00:00,107.93,111.54,107.82,110.02
2022-02-01 16:00:00,109.99,112.28,109.97,111.82
2022-02-01 17:00:00,111.74,111.91,109.16,109.97
2022-02-01 18:00:00,109.9,111.01,108.94,110.06
2022-02-01 19:00:00,110.08,111.43,108.19,109.95
2022-02-01 20:00:00,109.93,110.5,108.26,108.74
2022-02-01 21:00:00,108.7,110.0,108.41,109.69
2022-02-01 22:00:00,109.68,112.39,109.63,110.68
2022-02-01 23:00:00,110.68,110.78,109.16,109.23
2022-02-02 00:00:00,109.22,109.77,108.81,109.75
2022-02-02 01:00:00,109.72,110.55,108.36,108.93
2022-02-02 02:00:00,108.92,109.62,107.58,108.55
2022-02-02 03:00:00,108.57,109.9,108.33,109.39
2022-02-02 04:00:00,109.39,110.6,109.02,110.6
2022-02-02 05:00:00,110.6,110.63,109.78,109.96
2022-02-02 06:00:00,110.04,110.52,109.61,110.04
2022-02-02 07:00:00,110.05,111.99,110.03,111.71
2022-02-02 08:00:00,111.74,112.45,109.1,109.25
2022-02-02 09:00:00,109.24,109.74,105.28,105.93
2022-02-02 10:00:00,105.93,107.02,105.54,106.01
2022-02-02 11:00:00,105.96,105.99,103.49,105.52
2022-02-02 12:00:00,105.51,106.52,104.9,106.0
2022-02-02 13:00:00,106.0,109.95,105.49,109.75
2022-02-02 14:00:00,109.75,111.9,109.55,110.06
2022-02-02 15:00:00,110.07,110.19,103.46,104.25
2022-02-02 16:00:00,104.27,104.96,99.0,100.46
2022-02-02 17:00:00,100.34,103.87,97.01,101.27
2022-02-02 18:00:00,101.28,102.99,100.69,101.86
2022-02-02 19:00:00,101.93,103.14,101.15,101.23
2022-02-02 20:00:00,101.24,102.57,98.45,99.26
2022-02-02 21:00:00,99.27,100.21,98.29,99.97
2022-02-02 22:00:00,99.98,100.04,96.76,97.45
2022-02-02 23:00:00,97.38,98.69,97.21,98.15
2022-02-03 00:00:00,98.14,99.35,97.55,98.9
2022-02-03 01:00:00,98.89,98.89,97.59,98.21
2022-02-03 02:00:00,98.19,99.57,98.18,99.4
2022-02-03 03:00:00,99.44,100.04,98.0,98.91
2022-02-03 04:00:00,98.92,99.0,94.85,95.07
2022-02-03 05:00:00,95.06,95.61,94.01,94.59
2022-02-03 06:00:00,94.59,97.87,94.16,97.43
2022-02-03 07:00:00,97.46,97.47,94.2,96.83
2022-02-03 08:00:00,96.84,97.4,95.46,96.27
2022-02-03 09:00:00,96.29,98.22,95.84,96.78
2022-02-03 10:00:00,96.8,99.03,96.63,98.34
2022-02-03 11:00:00,98.28,99.26,97.1,97.15
2022-02-03 12:00:00,97.1,98.14,96.12,97.99
2022-02-03 13:00:00,97.91,98.03,96.86,97.59
2022-02-03 14:00:00,97.56,97.8,95.92,96.84
2022-02-03 15:00:00,96.83,97.44,95.83,96.75
2022-02-03 16:00:00,96.75,101.23,96.75,100.71
2022-02-03 17:00:00,100.71,101.2,99.72,100.64
2022-02-03 18:00:00,100.66,102.25,100.03,101.9
2022-02-03 19:00:00,101.87,101.91,100.34,101.38
2022-02-03 20:00:00,101.36,101.47,100.5,100.98
2022-02-03 21:00:00,101.05,103.34,100.77,102.64
2022-02-03 22:00:00,102.64,103.85,102.29,102.43
2022-02-03 23:00:00,102.48,102.91,101.71,102.61
2022-02-04 00:00:00,102.57,105.73,102.41,104.97
2022-02-04 01:00:00,104.99,106.55,104.94,106.19
2022-02-04 02:00:00,106.25,106.95,104.65,104.98
2022-02-04 03:00:00,104.96,106.13,104.96,106.08
2022-02-04 04:00:00,106.11,106.59,105.65,106.23
2022-02-04 05:00:00,106.21,106.98,104.52,105.57
2022-02-04 06:00:00,105.53,105.94,104.68,104.82
2022-02-04 07:00:00,104.85,105.42,103.81,104.21
2022-02-04 08:00:00,104.23,104.95,101.68,102.62
2022-02-04 09:00:00,102.68,104.98,102.08,103.81
2022-02-04 10:00:00,103.84,109.83,103.63,107.24
2022-02-04 11:00:00,107.18,111.39,106.95,109.78
2022-02-04 12:00:00,109.81,110.34,108.83,109.63
2022-02-04 13:00:00,109.67,110.14,108.08,109.38
2022-02-04 14:00:00,109.46,110.87,108.6,110.71
2022-02-04 15:00:00,110.68,111.08,109.94,110.57
2022-02-04 16:00:00,110.53,110.99,109.49,110.98
2022-02-04 17:00:00,110.96,110.98,109.39,110.07
2022-02-04 18:00:00,110.04,112.87,109.96,112.64
2022-02-04 19:00:00,112.64,113.05,110.88,111.41
2022-02-04 20:00:00,111.4,111.58,110.29,110.83
2022-02-04 21:00:00,110.83,111.79,110.63,111.38
2022-02-04 22:00:00,111.4,114.28,111.4,114.06
2022-02-04 23:00:00,114.06,115.98,113.62,115.91
2022-02-05 00:00:00,115.92,117.93,115.19,116.5
2022-02-05 01:00:00,116.52,118.68,116.47,116.91
2022-02-05 02:00:00,116.88,117.19,115.34,115.65
2022-02-05 03:00:00,115.65,117.0,115.45,116.02
2022-02-05 04:00:00,116.04,116.36,114.68,115.67
2022-02-05 05:00:00,115.64,115.96,114.5,115.33
2022-02-05 06:00:00,115.32,115.75,114.66,115.01
2022-02-05 07:00:00,115.04,115.4,113.99,114.4
2022-02-05 08:00:00,114.42,115.29,114.34,115.28
2022-02-05 09:00:00,115.23,116.47,114.51,115.23
2022-02-05 10:00:00,115.2,117.25,114.37,116.1
2022-02-05 11:00:00,116.1,116.48,112.36,112.72
2022-02-05 12:00:00,112.79,114.88,110.79,114.18
2022-02-05 13:00:00,114.18,114.5,112.43,113.46
2022-02-05 14:00:00,113.43,113.96,112.0,113.53
2022-02-05 15:00:00,113.54,114.43,112.88,114.24
2022-02-05 16:00:00,114.24,114.52,113.59,114.04
2022-02-05 17:00:00,114.06,115.09,114.02,114.81
2022-02-05 18:00:00,114.81,115.84,113.36,113.79
2022-02-05 19:00:00,113.8,115.33,113.65,114.25
2022-02-05 20:00:00,114.26,115.82,114.26,115.43
2022-02-05 21:00:00,115.44,115.49,114.33,114.64
2022-02-05 22:00:00,114.59,115.34,114.48,114.48
2022-02-05 23:00:00,114.49,114.97,112.24,113.86
2022-02-06 00:00:00,113.84,114.06,113.1,113.4
2022-02-06 01:00:00,113.4,113.44,112.32,112.73
2022-02-06 02:00:00,112.82,114.49,112.48,114.37
2022-02-06 03:00:00,114.36,114.83,113.65,114.64
2022-02-06 04:00:00,114.58,115.85,114.31,115.64
2022-02-06 05:00:00,115.64,116.11,114.6,114.66
2022-02-06 06:00:00,114.7,115.17,114.01,114.46
2022-02-06 07:00:00,114.52,115.1,113.81,114.5
2022-02-06 08:00:00,114.5,115.0,113.93,114.44
2022-02-06 09:00:00,114.43,115.99,112.35,112.98
2022-02-06 10:00:00,112.9,113.38,111.43,113.1
2022-02-06 11:00:00,113.13,113.89,112.54,113.72
2022-02-06 12:00:00,113.75,114.58,113.48,113.83
2022-02-06 13:00:00,113.8,113.96,112.07,112.37
2022-02-06 14:00:00,112.3,113.2,112.16,112.95
2022-02-06 15:00:00,112.93,113.34,112.14,112.59
2022-02-06 16:00:00,112.67,113.34,112.31,112.89
2022-02-06 17:00:00,112.88,113.11,112.46,112.87
2022-02-06 18:00:00,112.8,115.6,112.5,115.36
2022-02-06 19:00:00,115.38,115.8,112.77,113.75
2022-02-06 20:00:00,113.82,114.37,113.07,113.95
2022-02-06 21:00:00,113.92,115.89,113.77,114.97
2022-02-06 22:00:00,114.97,119.74,114.74,119.3
2022-02-06 23:00:00,119.29,120.06,118.44,119.1
2022-02-07 00:00:00,119.05,119.3,117.79,118.24
2022-02-07 01:00:00,118.27,118.65,117.87,118.54
2022-02-07 02:00:00,118.51,118.7,117.06,117.36
2022-02-07 03:00:00,117.37,117.56,116.02,117.19
2022-02-07 04:00:00,117.13,117.37,115.47,116.45
2022-02-07 05:00:00,116.44,117.47,116.01,116.96
2022-02-07 06:00:00,116.97,117.96,116.95,117.62
2022-02-07 07:00:00,117.62,118.0,116.72,117.44
2022-02-07 08:00:00,117.48,118.8,117.3,118.68
2022-02-07 09:00:00,118.68,121.23,118.22,120.95
2022-02-07 10:00:00,120.99,121.87,118.71,121.4
2022-02-07 11:00:00,121.42,122.0,119.33,120.37
2022-02-07 12:00:00,120.35,121.35,119.44,120.99
2022-02-07 13:00:00,120.99,121.64,119.36,119.84
2022-02-07 14:00:00,119.84,121.17,119.63,120.17
2022-02-07 15:00:00,120.16,121.05,117.55,118.87
2022-02-07 16:00:00,118.86,118.99,116.67,118.05
2022-02-07 17:00:00,118.06,118.74,117.27,118.15
2022-02-07 18:00:00,118.15,118.49,116.72,117.65
2022-02-07 19:00:00,117.64,118.09,115.64,117.12
2022-02-07 20:00:00,117.07,118.84,116.78,118.8
2022-02-07 21:00:00,118.8,119.08,116.8,117.04
2022-02-07 22:00:00,117.06,117.6,116.53,117.53
2022-02-07 23:00:00,117.57,118.7,117.47,118.34
2022-02-08 00:00:00,118.34,119.72,117.98,118.92
2022-02-08 01:00:00,118.92,120.43,117.13,118.23
2022-02-08 02:00:00,118.19,118.3,116.96,117.84
2022-02-08 03:00:00,117.81,117.99,113.65,114.32
2022-02-08 04:00:00,114.31,114.89,112.19,114.15
2022-02-08 05:00:00,114.14,114.4,112.82,113.6
2022-02-08 06:00:00,113.6,114.49,113.54,114.44
2022-02-08 07:00:00,114.41,114.41,111.6,112.61
2022-02-08 08:00:00,112.62,113.12,111.3,112.67
2022-02-08 09:00:00,112.68,113.37,112.2,112.36
2022-02-08 10:00:00,112.32,112.65,110.31,112.11
2022-02-08 11:00:00,112.18,112.89,111.03,111.14
2022-02-08 12:00:00,111.21,111.83,110.42,111.55
2022-02-08 13:00:00,111.58,112.38,111.12,111.66
2022-02-08 14:00:00,111.69,111.84,110.43,110.9
2022-02-08 15:00:00,110.92,113.5,109.75,113.33
2022-02-08 16:00:00,113.32,113.64,112.51,112.82
2022-02-08 17:00:00,112.86,113.3,112.48,113.19
2022-02-08 18:00:00,113.17,114.89,113.17,113.53
2022-02-08 19:00:00,113.53,115.16,112.56,115.01
2022-02-08 20:00:00,114.99,115.14,113.29,113.41
2022-02-08 21:00:00,113.41,113.82,110.95,111.73
2022-02-08 22:00:00,111.66,112.35,111.12,111.31
2022-02-08 23:00:00,111.31,112.05,111.25,111.4
2022-02-09 00:00:00,111.4,111.6,109.45,110.62
2022-02-09 01:00:00,110.57,111.72,110.44,111.44
2022-02-09 02:00:00,111.41,111.95,110.4,111.58
2022-02-09 03:00:00,111.59,111.96,110.51,111.06
2022-02-09 04:00:00,111.07,111.8,110.86,111.19
2022-02-09 05:00:00,111.22,113.6,111.14,113.49
2022-02-09 06:00:00,113.49,113.81,112.7,113.4
2022-02-09 07:00:00,113.38,115.38,113.15,114.76
2022-02-09 08:00:00,114.82,117.17,113.9,114.41
2022-02-09 09:00:00,114.38,115.25,113.69,114.23
2022-02-09 10:00:00,114.23,114.93,112.91,113.28
2022-02-09 11:00:00,113.29,114.92,112.59,114.66
2022-02-09 12:00:00,114.66,115.06,114.14,114.46
2022-02-09 13:00:00,114.43,114.55,113.24,114.18
2022-02-09 14:00:00,114.18,115.76,113.91,115.1
2022-02-09 15:00:00,115.19,116.49,115.19,115.83
2022-02-09 16:00:00,115.83,115.98,114.57,114.57
2022-02-09 17:00:00,114.58,115.26,114.04,115.04
2022-02-09 18:00:00,115.03,115.16,113.73,114.07
2022-02-09 19:00:00,114.07,114.16,113.1,113.39
2022-02-09 20:00:00,113.41,113.68,112.64,113.38
2022-02-09 21:00:00,113.38,113.78,111.29,111.3
2022-02-09 22:00:00,111.29,111.62,110.7,111.07
2022-02-09 23:00:00,111.1,112.01,110.89,111.67
2022-02-10 00:00:00,111.66,111.92,111.26,111.68
2022-02-10 01:00:00,111.73,112.2,111.27,111.9
2022-02-10 02:00:00,111.86,112.6,111.83,112.49
2022-02-10 03:00:00,112.46,112.81,112.14,112.68
2022-02-10 04:00:00,112.69,113.42,112.6,113.39
2022-02-10 05:00:00,113.38,114.57,113.17,113.68
2022-02-10 06:00:00,113.69,115.03,112.89,113.89
2022-02-10 07:00:00,113.87,114.25,112.74,113.39
2022-02-10 08:00:00,113.39,114.07,107.29,107.95
2022-02-10 09:00:00,107.92,110.0,105.84,109.89
2022-02-10 10:00:00,109.97,113.88,109.04,112.07
2022-02-10 11:00:00,112.03,112.9,111.06,112.04
2022-02-10 12:00:00,112.09,113.1,110.84,111.54
2022-02-10 13:00:00,111.54,111.97,109.71,110.1
2022-02-10 14:00:00,110.1,110.12,108.2,108.96
2022-02-10 15:00:00,108.96,109.57,108.2,109.1
2022-02-10 16:00:00,109.18,109.37,107.67,108.13
2022-02-10 17:00:00,108.13,108.94,107.57,108.17
2022-02-10 18:00:00,108.18,108.54,105.8,106.15
2022-02-10 19:00:00,106.24,106.47,103.71,104.72
2022-02-10 20:00:00,104.71,106.7,104.44,105.32
2022-02-10 21:00:00,105.33,105.4,104.05,104.3
2022-02-10 22:00:00,104.3,105.16,104.14,104.73
2022-02-10 23:00:00,104.73,105.45,104.4,104.8
2022-02-11 00:00:00,104.79,104.8,103.34,103.38
2022-02-11 01:00:00,103.4,105.05,103.33,104.94
2022-02-11 02:00:00,104.96,105.89,104.82,105.78
2022-02-11 03:00:00,105.81,106.42,104.57,104.57
2022-02-11 04:00:00,104.59,106.29,104.53,106.15
2022-02-11 05:00:00,106.13,106.55,105.5,106.24
2022-02-11 06:00:00,106.24,106.42,105.42,105.62
2022-02-11 07:00:00,105.63,106.72,105.11,106.52
2022-02-11 08:00:00,106.54,107.99,106.4,107.79
2022-02-11 09:00:00,107.79,108.23,106.64,107.21
2022-02-11 10:00:00,107.21,107.73,106.64,106.92
2022-02-11 11:00:00,106.9,107.17,105.02,105.99
2022-02-11 12:00:00,105.94,106.53,105.42,105.55
2022-02-11 13:00:00,105.59,106.0,100.76,100.86
2022-02-11 14:00:00,100.82,101.52,99.28,99.78
2022-02-11 15:00:00,99.7,100.13,96.37,97.67
2022-02-11 16:00:00,97.75,98.6,97.27,97.45
2022-02-11 17:00:00,97.43,97.74,95.31,95.61
2022-02-11 18:00:00,95.62,97.0,95.2,96.57
2022-02-11 19:00:00,96.56,96.64,95.46,96.5
2022-02-11 20:00:00,96.51,97.9,96.2,97.81
2022-02-11 21:00:00,97.81,98.52,97.61,98.09
2022-02-11 22:00:00,98.08,98.1,96.36,96.95
2022-02-11 23:00:00,97.0,97.69,96.1,96.78
2022-02-12 00:00:00,96.79,97.19,95.83,96.15
2022-02-12 01:00:00,96.14,96.24,92.83,94.83
2022-02-12 02:00:00,94.83,95.44,93.28,93.8
2022-02-12 03:00:00,93.81,95.92,93.81,95.28
2022-02-12 04:00:00,95.28,96.0,94.8,95.84
2022-02-12 05:00:00,95.86,95.86,94.47,95.23
2022-02-12 06:00:00,95.26,96.27,93.87,96.14
2022-02-12 07:00:00,96.13,96.23,95.06,95.48
2022-02-12 08:00:00,95.56,96.01,95.09,95.09
2022-02-12 09:00:00,95.09,95.53,93.78,94.64
2022-02-12 10:00:00,94.69,95.31,93.59,95.06
2022-02-12 11:00:00,95.04,97.69,94.73,97.37
2022-02-12 12:00:00,97.37,97.85,96.81,97.69
2022-02-12 13:00:00,97.77,99.87,97.65,98.46
2022-02-12 14:00:00,98.47,98.65,97.03,97.23
2022-02-12 15:00:00,97.22,98.36,96.81,97.89
2022-02-12 16:00:00,97.87,97.9,94.44,95.25
2022-02-12 17:00:00,95.21,96.59,95.1,96.18
2022-02-12 18:00:00,96.19,96.42,95.2,96.02
2022-02-12 19:00:00,96.02,97.42,95.17,97.0
2022-02-12 20:00:00,96.99,97.35,95.96,96.1
2022-02-12 21:00:00,96.15,96.45,95.66,96.25
2022-02-12 22:00:00,96.26,96.46,95.61,96.0
2022-02-12 23:00:00,96.03,96.42,95.27,95.66
2022-02-13 00:00:00,95.7,96.22,95.31,95.77
2022-02-13 01:00:00,95.77,96.71,95.65,96.67
2022-02-13 02:00:00,96.65,96.75,96.07,96.39
2022-02-13 03:00:00,96.36,97.07,96.02,96.82
2022-02-13 04:00:00,96.83,96.85,96.2,96.29
2022-02-13 05:00:00,96.29,96.74,95.5,96.45
2022-02-13 06:00:00,96.46,96.92,96.15,96.27
2022-02-13 07:00:00,96.26,96.84,96.05,96.39
2022-02-13 08:00:00,96.41,96.67,96.09,96.41
2022-02-13 09:00:00,96.41,96.99,95.47,96.02
2022-02-13 10:00:00,96.02,96.36,95.58,95.65
2022-02-13 11:00:00,95.69,95.71,93.57,94.01
2022-02-13 12:00:00,94.04,94.04,92.85,93.52
2022-02-13 13:00:00,93.53,94.15,91.43,91.75
2022-02-13 14:00:00,91.74,92.89,91.58,92.27
2022-02-13 15:00:00,92.31,93.66,91.98,93.66
2022-02-13 16:00:00,93.66,94.02,92.85,93.04
2022-02-13 17:00:00,93.05,94.14,93.05,93.79
2022-02-13 18:00:00,93.8,93.9,92.65,92.87
2022-02-13 19:00:00,92.9,93.33,91.87,92.81
2022-02-13 20:00:00,92.79,92.96,90.91,91.18
2022-02-13 21:00:00,91.19,92.43,90.8,91.66
2022-02-13 22:00:00,91.71,93.81,90.44,93.58
2022-02-13 23:00:00,93.63,93.83,92.88,93.78
2022-02-14 00:00:00,93.8,94.07,92.84,92.91
2022-02-14 01:00:00,92.91,94.92,92.76,94.63
2022-02-14 02:00:00,94.63,94.92,94.0,94.85
2022-02-14 03:00:00,94.86,94.96,93.69,93.78
2022-02-14 04:00:00,93.74,93.8,92.34,92.49
2022-02-14 05:00:00,92.49,92.92,91.9,92.72
2022-02-14 06:00:00,92.72,93.53,92.43,93.18
2022-02-14 07:00:00,93.18,95.04,92.35,95.02
2022-02-14 08:00:00,95.04,96.0,94.69,95.4
2022-02-14 09:00:00,95.37,97.92,95.37,97.27
2022-02-14 10:00:00,97.29,97.85,96.08,96.6
2022-02-14 11:00:00,96.65,97.98,96.47,97.55
2022-02-14 12:00:00,97.55,97.55,96.59,96.79
2022-02-14 13:00:00,96.79,96.84,94.85,95.07
2022-02-14 14:00:00,95.05,95.27,93.38,94.38
2022-02-14 15:00:00,94.39,95.57,93.66,94.89
2022-02-14 16:00:00,94.92,95.76,94.64,95.48
2022-02-14 17:00:00,95.49,97.21,95.49,96.88
2022-02-14 18:00:00,96.89,97.03,96.26,96.38
2022-02-14 19:00:00,96.42,97.66,96.42,97.01
2022-02-14 20:00:00,97.06,102.23,96.82,102.07
2022-02-14 21:00:00,102.07,102.53,101.12,101.57
2022-02-14 22:00:00,101.59,101.85,101.12,101.34
2022-02-14 23:00:00,101.41,101.88,100.43,101.03
2022-02-15 00:00:00,101.01,101.39,100.46,100.52
2022-02-15 01:00:00,100.54,101.56,100.42,100.98
2022-02-15 02:00:00,100.98,102.33,100.84,102.04
2022-02-15 03:00:00,102.05,104.08,101.37,102.86
2022-02-15 04:00:00,102.85,103.34,101.82,102.74
2022-02-15 05:00:00,102.75,103.76,102.46,103.03
2022-02-15 06:00:00,103.05,103.32,102.18,102.47
2022-02-15 07:00:00,102.46,102.68,101.61,102.2
2022-02-15 08:00:00,102.24,102.49,100.74,101.76
2022-02-15 09:00:00,101.76,103.37,101.71,102.6
2022-02-15 10:00:00,102.65,103.28,102.05,102.83
2022-02-15 11:00:00,102.87,103.3,101.87,102.07
2022-02-15 12:00:00,102.08,102.27,100.91,101.49
2022-02-15 13:00:00,101.49,102.67,101.2,102.43
2022-02-15 14:00:00,102.39,102.5,101.49,101.62
2022-02-15 15:00:00,101.66,102.49,101.5,101.71
2022-02-15 16:00:00,101.72,101.81,101.03,101.3
2022-02-15 17:00:00,101.32,103.44,101.16,102.66
2022-02-15 18:00:00,102.71,105.82,102.41,105.56
2022-02-15 19:00:00,105.59,105.67,103.14,103.59
2022-02-15 20:00:00,103.58,103.61,102.65,103.24
2022-02-15 21:00:00,103.23,103.56,102.55,103.38
2022-02-15 22:00:00,103.41,103.8,102.8,102.88
2022-02-15 23:00:00,102.88,103.02,100.87,102.0
2022-02-16 00:00:00,102.01,102.84,101.85,102.78
2022-02-16 01:00:00,102.78,103.55,102.72,103.21
2022-02-16 02:00:00,103.19,104.48,102.56,104.28
2022-02-16 03:00:00,104.32,104.49,103.6,103.65
2022-02-16 04:00:00,103.65,103.94,102.91,102.95
2022-02-16 05:00:00,102.98,103.0,101.53,102.37
2022-02-16 06:00:00,102.43,102.81,102.26,102.59
2022-02-16 07:00:00,102.54,102.79,101.74,101.93
2022-02-16 08:00:00,101.92,102.03,99.11,99.54
2022-02-16 09:00:00,99.55,100.27,98.3,99.01
2022-02-16 10:00:00,99.01,99.67,98.82,99.15
2022-02-16 11:00:00,99.16,99.81,98.34,99.54
2022-02-16 12:00:00,99.61,99.74,98.75,99.17
2022-02-16 13:00:00,99.16,100.26,98.76,100.13
2022-02-16 14:00:00,100.1,104.0,99.36,103.3
2022-02-16 15:00:00,103.31,103.58,102.42,102.68
2022-02-16 16:00:00,102.64,103.1,101.68,102.33
2022-02-16 17:00:00,102.36,103.09,101.98,102.63
2022-02-16 18:00:00,102.68,103.16,101.63,101.9
2022-02-16 19:00:00,101.92,102.71,101.45,102.6
2022-02-16 20:00:00,102.57,102.87,101.99,102.25
2022-02-16 21:00:00,102.26,102.28,101.21,101.54
2022-02-16 22:00:00,101.54,101.61,99.2,99.27
2022-02-16 23:00:00,99.24,99.8,98.11,99.56
2022-02-17 00:00:00,99.55,100.08,98.24,99.59
2022-02-17 01:00:00,99.57,100.89,99.44,100.55
2022-02-17 02:00:00,100.58,101.02,99.92,100.97
2022-02-17 03:00:00,100.97,101.15,98.42,99.36
2022-02-17 04:00:00,99.35,99.8,97.76,99.05
2022-02-17 05:00:00,99.06,99.41,98.17,98.44
2022-02-17 06:00:00,98.41,99.26,98.28,99.13
2022-02-17 07:00:00,99.17,99.77,98.86,99.02
2022-02-17 08:00:00,99.04,99.33,97.18,97.6
2022-02-17 09:00:00,97.59,98.44,96.65,97.1
2022-02-17 10:00:00,97.08,97.79,96.66,97.4
2022-02-17 11:00:00,97.4,97.85,96.72,97.23
2022-02-17 12:00:00,97.23,97.47,95.4,95.88
2022-02-17 13:00:00,95.87,96.23,93.08,95.3
2022-02-17 14:00:00,95.26,95.26,94.05,95.01
2022-02-17 15:00:00,94.98,94.98,93.48,94.14
2022-02-17 16:00:00,94.16,94.52,92.41,94.16
2022-02-17 17:00:00,94.13,94.49,93.13,94.12
2022-02-17 18:00:00,94.13,94.42,93.26,93.58
2022-02-17 19:00:00,93.62,94.63,92.83,94.58
2022-02-17 20:00:00,94.55,95.54,94.01,95.02
2022-02-17 21:00:00,95.04,95.55,93.28,94.22
2022-02-17 22:00:00,94.23,94.57,93.85,94.42
2022-02-17 23:00:00,94.47,94.79,93.86,93.9
2022-02-18 00:00:00,94.0,94.76,93.93,94.53
2022-02-18 01:00:00,94.55,95.33,94.42,95.16
2022-02-18 02:00:00,95.15,95.55,94.91,95.23
2022-02-18 03:00:00,95.25,96.44,95.22,96.29
2022-02-18 04:00:00,96.28,96.39,95.64,95.77
2022-02-18 05:00:00,95.77,95.92,95.15,95.82
2022-02-18 06:00:00,95.81,95.85,93.68,93.95
2022-02-18 07:00:00,93.99,94.88,93.69,94.3
2022-02-18 08:00:00,94.32,94.54,93.27,94.11
2022-02-18 09:00:00,94.11,94.43,91.14,93.12
2022-02-18 10:00:00,93.11,93.62,90.17,90.99
2022-02-18 11:00:00,90.97,92.11,89.92,90.35
2022-02-18 12:00:00,90.33,91.3,90.31,90.43
2022-02-18 13:00:00,90.42,90.8,89.39,90.68
2022-02-18 14:00:00,90.7,91.23,90.28,91.07
2022-02-18 15:00:00,91.1,91.32,90.47,90.71
2022-02-18 16:00:00,90.73,91.46,90.16,90.24
2022-02-18 17:00:00,90.24,90.66,89.41,89.88
2022-02-18 18:00:00,89.89,90.63,89.85,89.94
2022-02-18 19:00:00,89.93,91.14,89.82,91.03
2022-02-18 20:00:00,91.03,91.66,90.85,91.08
2022-02-18 21:00:00,91.07,91.99,90.93,91.93
2022-02-18 22:00:00,91.9,92.27,91.1,91.2
2022-02-18 23:00:00,91.25,92.11,91.09,92.11
2022-02-19 00:00:00,92.11,92.5,91.73,92.25
2022-02-19 01:00:00,92.22,92.73,91.86,92.26
2022-02-19 02:00:00,92.27,92.36,91.84,92.17
2022-02-19 03:00:00,92.17,92.39,90.78,90.86
2022-02-19 04:00:00,90.84,91.3,90.5,90.84
2022-02-19 05:00:00,90.87,91.1,89.96,90.74
2022-02-19 06:00:00,90.74,90.95,88.64,89.51
2022-02-19 07:00:00,89.53,89.95,88.71,89.55
2022-02-19 08:00:00,89.53,90.93,88.74,90.52
2022-02-19 09:00:00,90.52,90.6,89.65,90.01
2022-02-19 10:00:00,90.01,91.15,89.78,91.04
2022-02-19 11:00:00,91.02,92.19,90.42,90.8
2022-02-19 12:00:00,90.76,91.24,90.27,91.2
2022-02-19 13:00:00,91.17,91.18,90.05,90.38
2022-02-19 14:00:00,90.35,90.4,89.71,89.91
2022-02-19 15:00:00,89.92,90.57,89.74,90.23
2022-02-19 16:00:00,90.23,90.35,89.58,90.07
2022-02-19 17:00:00,90.07,90.89,89.98,90.68
2022-02-19 18:00:00,90.68,91.78,90.2,91.31
2022-02-19 19:00:00,91.33,91.44,89.61,90.08
2022-02-19 20:00:00,90.08,90.69,89.6,90.56
2022-02-19 21:00:00,90.55,90.64,89.17,89.28
2022-02-19 22:00:00,89.26,89.51,87.88,88.45
2022-02-19 23:00:00,88.51,88.7,87.16,87.47
2022-02-20 00:00:00,87.48,88.24,86.39,86.7
2022-02-20 01:00:00,86.72,87.09,85.61,86.32
2022-02-20 02:00:00,86.31,87.55,85.95,87.41
2022-02-20 03:00:00,87.39,88.25,85.78,87.78
2022-02-20 04:00:00,87.77,90.18,87.63,88.84
2022-02-20 05:00:00,88.84,89.94,88.31,88.72
2022-02-20 06:00:00,88.72,89.78,88.39,89.2
2022-02-20 07:00:00,89.21,90.97,88.7,88.89
2022-02-20 08:00:00,88.92,90.64,88.65,88.9
2022-02-20 09:00:00,88.88,89.32,87.45,89.08
2022-02-20 10:00:00,89.08,90.0,88.71,89.47
2022-02-20 11:00:00,89.46,90.89,89.27,90.28
2022-02-20 12:00:00,90.28,91.57,90.13,91.05
2022-02-20 13:00:00,91.05,93.48,90.94,93.11
2022-02-20 14:00:00,93.15,93.15,91.59,92.06
2022-02-20 15:00:00,92.07,92.45,91.13,91.36
2022-02-20 16:00:00,91.36,91.61,90.27,91.09
2022-02-20 17:00:00,91.09,93.25,91.08,93.07
2022-02-20 18:00:00,93.04,93.94,90.45,90.75
2022-02-20 19:00:00,90.75,93.09,90.54,93.04
2022-02-20 20:00:00,93.07,95.31,92.51,94.52
2022-02-20 21:00:00,94.5,94.97,94.12,94.48
2022-02-20 22:00:00,94.47,94.99,93.46,93.9
2022-02-20 23:00:00,93.85,95.0,93.85,94.71
2022-02-21 00:00:00,94.73,95.0,93.97,94.17
2022-02-21 01:00:00,94.17,94.97,93.83,94.75
2022-02-21 02:00:00,94.76,95.81,94.32,95.51
2022-02-21 03:00:00,95.46,96.21,94.34,94.63
2022-02-21 04:00:00,94.64,95.03,93.73,94.03
2022-02-21 05:00:00,94.02,94.38,92.29,92.82
2022-02-21 06:00:00,92.84,93.32,88.21,89.23
2022-02-21 07:00:00,89.18,89.71,87.75,88.35
2022-02-21 08:00:00,88.34,88.86,86.92,87.63
2022-02-21 09:00:00,87.62,91.67,87.27,90.74
2022-02-21 10:00:00,90.73,92.24,89.43,89.62
2022-02-21 11:00:00,89.66,90.36,88.96,89.15
2022-02-21 12:00:00,89.18,89.63,88.12,88.32
2022-02-21 13:00:00,88.32,88.76,86.31,86.96
2022-02-21 14:00:00,86.94,87.93,86.55,87.53
2022-02-21 15:00:00,87.54,87.65,86.73,87.37
2022-02-21 16:00:00,87.38,88.4,84.36,84.67
2022-02-21 17:00:00,84.65,86.21,84.21,85.3
2022-02-21 18:00:00,85.3,85.68,82.73,82.97
2022-02-21 19:00:00,83.0,84.65,82.82,84.21
2022-02-21 20:00:00,84.2,84.36,82.56,83.83
2022-02-21 21:00:00,83.88,83.88,82.94,83.41
2022-02-21 22:00:00,83.46,83.5,81.09,81.68
2022-02-21 23:00:00,81.7,82.8,81.56,81.83
2022-02-22 00:00:00,81.85,83.85,81.45,82.5
2022-02-22 01:00:00,82.5,83.64,82.13,83.15
2022-02-22 02:00:00,83.14,83.31,81.78,82.16
2022-02-22 03:00:00,82.16,83.76,81.92,83.56
2022-02-22 04:00:00,83.6,84.2,83.21,83.79
2022-02-22 05:00:00,83.78,86.09,83.38,85.1
2022-02-22 06:00:00,85.09,85.58,84.48,85.22
2022-02-22 07:00:00,85.23,85.73,84.25,85.12
2022-02-22 08:00:00,85.14,85.85,84.38,85.6
2022-02-22 09:00:00,85.56,87.57,84.65,87.04
2022-02-22 10:00:00,87.02,87.2,85.69,85.89
2022-02-22 11:00:00,85.88,86.41,84.26,85.16
2022-02-22 12:00:00,85.13,85.6,83.86,84.85
2022-02-22 13:00:00,84.89,85.81,84.47,84.94
2022-02-22 14:00:00,84.92,86.58,84.46,86.29
2022-02-22 15:00:00,86.36,87.87,85.16,85.53
2022-02-22 16:00:00,85.6,85.9,85.12,85.34
2022-02-22 17:00:00,85.32,85.66,84.84,85.1
2022-02-22 18:00:00,85.12,87.15,84.95,86.45
2022-02-22 19:00:00,86.44,88.39,86.14,87.29
2022-02-22 20:00:00,87.26,87.49,86.52,87.46
2022-02-22 21:00:00,87.43,88.8,86.2,86.66
2022-02-22 22:00:00,86.67,87.27,86.26,87.26
2022-02-22 23:00:00,87.27,88.23,87.0,87.86
2022-02-23 00:00:00,87.87,89.66,87.87,89.4
2022-02-23 01:00:00,89.44,90.0,88.86,89.14
2022-02-23 02:00:00,89.14,89.84,88.91,89.2
2022-02-23 03:00:00,89.19,90.32,88.77,90.02
2022-02-23 04:00:00,90.07,90.69,89.81,90.44
2022-02-23 05:00:00,90.45,91.95,89.8,91.81
2022-02-23 06:00:00,91.75,93.34,91.11,92.07
2022-02-23 07:00:00,92.08,92.75,91.65,92.42
2022-02-23 08:00:00,92.43,93.39,91.71,91.71
2022-02-23 09:00:00,91.7,92.7,90.56,90.65
2022-02-23 10:00:00,90.73,90.8,89.15,89.75
2022-02-23 11:00:00,89.76,90.91,88.93,90.79
2022-02-23 12:00:00,90.8,92.19,88.56,89.11
2022-02-23 13:00:00,89.12,89.36,87.68,88.27
2022-02-23 14:00:00,88.24,88.91,87.59,88.17
2022-02-23 15:00:00,88.16,88.16,86.38,87.79
2022-02-23 16:00:00,87.8,88.35,86.3,86.53
2022-02-23 17:00:00,86.48,86.75,85.1,86.64
2022-02-23 18:00:00,86.64,86.9,84.41,84.62
2022-02-23 19:00:00,84.62,85.84,84.17,84.26
2022-02-23 20:00:00,84.26,85.31,84.16,84.95
2022-02-23 21:00:00,84.97,85.13,82.49,82.66
2022-02-23 22:00:00,82.67,82.83,76.18,77.6
2022-02-23 23:00:00,77.61,81.0,75.34,80.65
2022-02-24 00:00:00,80.68,81.97,78.26,80.87
2022-02-24 01:00:00,80.87,83.4,80.23,81.56
2022-02-24 02:00:00,81.52,84.15,78.58,82.22
2022-02-24 03:00:00,82.18,84.59,81.67,82.74
2022-02-24 04:00:00,82.7,83.62,80.38,80.5
2022-02-24 05:00:00,80.55,81.67,79.38,80.99
2022-02-24 06:00:00,80.99,81.71,79.5,81.39
2022-02-24 07:00:00,81.42,81.42,79.73,80.19
2022-02-24 08:00:00,80.21,81.59,79.48,80.92
2022-02-24 09:00:00,80.93,83.08,80.26,82.87
2022-02-24 10:00:00,82.83,86.21,82.1,85.0
2022-02-24 11:00:00,84.98,86.86,83.79,85.01
2022-02-24 12:00:00,84.95,85.07,83.39,84.21
2022-02-24 13:00:00,84.21,88.05,83.96,86.92
2022-02-24 14:00:00,87.0,91.4,86.36,90.9
2022-02-24 15:00:00,90.86,93.83,88.97,90.2
2022-02-24 16:00:00,90.27,90.62,88.72,89.74
2022-02-24 17:00:00,89.75,90.17,86.77,87.22
2022-02-24 18:00:00,87.2,89.62,87.11,89.4
2022-02-24 19:00:00,89.4,90.86,87.77,87.9
2022-02-24 20:00:00,87.89,90.28,87.64,89.82
2022-02-24 21:00:00,89.77,90.85,89.28,90.03
2022-02-24 22:00:00,89.98,89.98,88.45,89.65
2022-02-24 23:00:00,89.65,89.89,88.32,88.51
2022-02-25 00:00:00,88.48,88.87,86.9,87.97
2022-02-25 01:00:00,87.99,89.15,87.71,88.54
2022-02-25 02:00:00,88.56,89.35,88.35,88.78
2022-02-25 03:00:00,88.76,89.43,87.39,88.32
2022-02-25 04:00:00,88.28,88.93,87.0,88.78
2022-02-25 05:00:00,88.78,89.27,88.0,88.42
2022-02-25 06:00:00,88.4,89.46,87.6,89.22
2022-02-25 07:00:00,89.26,91.3,89.11,91.14
2022-02-25 08:00:00,91.11,92.23,89.73,90.01
2022-02-25 09:00:00,90.04,90.83,89.12,89.31
2022-02-25 10:00:00,89.34,91.17,87.91,91.07
2022-02-25 11:00:00,91.07,92.05,90.01,90.96
2022-02-25 12:00:00,90.96,91.59,89.6,90.33
2022-02-25 13:00:00,90.35,90.63,88.86,89.36
2022-02-25 14:00:00,89.37,90.64,88.93,89.56
2022-02-25 15:00:00,89.58,91.12,89.07,90.96
2022-02-25 16:00:00,90.95,92.16,90.42,91.65
2022-02-25 17:00:00,91.69,95.0,90.92,94.82
2022-02-25 18:00:00,94.77,95.0,91.85,92.75
2022-02-25 19:00:00,92.78,95.14,92.39,94.03
2022-02-25 20:00:00,94.04,94.78,93.19,93.78
2022-02-25 21:00:00,93.8,94.1,92.54,93.04
2022-02-25 22:00:00,93.08,93.35,92.17,92.84
2022-02-25 23:00:00,92.83,93.66,92.36,93.11
2022-02-26 00:00:00,93.12,93.24,91.15,91.47
2022-02-26 01:00:00,91.42,92.06,91.3,91.57
2022-02-26 02:00:00,91.62,92.1,90.48,92.07
2022-02-26 03:00:00,92.08,92.99,90.63,91.35
2022-02-26 04:00:00,91.35,91.59,90.13,91.04
2022-02-26 05:00:00,90.99,91.41,90.52,91.05
2022-02-26 06:00:00,91.05,91.56,90.21,90.72
2022-02-26 07:00:00,90.69,90.94,90.2,90.78
2022-02-26 08:00:00,90.77,91.5,90.45,91.03
2022-02-26 09:00:00,91.03,91.59,90.42,91.4
2022-02-26 10:00:00,91.41,92.11,91.21,91.31
2022-02-26 11:00:00,91.31,91.67,90.82,91.05
2022-02-26 12:00:00,91.04,91.05,89.84,90.63
2022-02-26 13:00:00,90.62,90.7,89.3,90.26
2022-02-26 14:00:00,90.26,91.03,90.24,90.84
2022-02-26 15:00:00,90.81,91.96,90.76,91.48
2022-02-26 16:00:00,91.48,92.61,91.22,91.78
2022-02-26 17:00:00,91.82,91.86,90.47,90.78
2022-02-26 18:00:00,90.73,90.76,89.64,90.24
2022-02-26 19:00:00,90.28,90.75,87.54,88.02
2022-02-26 20:00:00,87.98,88.37,86.2,86.55
2022-02-26 21:00:00,86.56,87.53,86.29,87.36
2022-02-26 22:00:00,87.34,87.95,86.92,87.05
2022-02-26 23:00:00,87.05,87.5,86.62,87.21
2022-02-27 00:00:00,87.2,88.34,86.74,87.78
2022-02-27 01:00:00,87.78,89.25,87.7,89.06
2022-02-27 02:00:00,89.05,89.27,88.68,88.89
2022-02-27 03:00:00,88.85,89.14,88.13,89.03
2022-02-27 04:00:00,89.03,89.82,88.79,89.64
2022-02-27 05:00:00,89.67,90.91,89.0,90.61
2022-02-27 06:00:00,90.61,90.98,89.75,90.82
2022-02-27 07:00:00,90.85,92.21,90.72,91.75
2022-02-27 08:00:00,91.76,92.22,88.39,90.11
2022-02-27 09:00:00,90.11,90.65,89.17,89.52
2022-02-27 10:00:00,89.55,91.71,89.28,91.26
2022-02-27 11:00:00,91.26,91.32,88.54,88.81
2022-02-27 12:00:00,88.8,89.05,87.95,88.43
2022-02-27 13:00:00,88.38,88.65,87.15,87.58
2022-02-27 14:00:00,87.58,87.9,84.53,84.88
2022-02-27 15:00:00,84.88,86.62,84.42,85.71
2022-02-27 16:00:00,85.72,86.03,84.12,85.19
2022-02-27 17:00:00,85.16,85.84,84.97,85.52
2022-02-27 18:00:00,85.51,85.7,84.31,85.65
2022-02-27 19:00:00,85.66,86.17,84.2,84.4
2022-02-27 20:00:00,84.47,86.49,84.39,86.05
2022-02-27 21:00:00,86.09,88.1,86.04,86.66
2022-02-27 22:00:00,86.68,87.27,85.95,86.71
2022-02-27 23:00:00,86.73,87.51,86.22,86.5
2022-02-28 00:00:00,86.49,87.1,86.11,86.65
2022-02-28 01:00:00,86.64,87.03,84.79,86.72
2022-02-28 02:00:00,86.78,88.74,86.56,88.15
2022-02-28 03:00:00,88.17,90.18,88.15,89.7
2022-02-28 04:00:00,89.69,90.75,89.63,89.79
2022-02-28 05:00:00,89.73,90.41,89.43,90.02
2022-02-28 06:00:00,90.04,91.19,89.57,90.79
2022-02-28 07:00:00,90.77,91.64,90.04,90.38
2022-02-28 08:00:00,90.47,90.85,89.17,89.19
2022-02-28 09:00:00,89.21,95.14,88.88,94.84
2022-02-28 10:00:00,94.87,97.0,93.62,95.62
2022-02-28 11:00:00,95.63,97.24,94.63,95.4
2022-02-28 12:00:00,95.4,96.22,94.27,96.2
2022-02-28 13:00:00,96.23,96.83,95.61,96.47
2022-02-28 14:00:00,96.47,96.55,95.82,96.24
2022-02-28 15:00:00,96.23,99.98,95.93,99.55
2022-02-28 16:00:00,99.55,99.55,96.93,97.61
2022-02-28 17:00:00,97.62,102.77,97.48,98.43
2022-02-28 18:00:00,98.45,100.0,98.07,99.7
2022-02-28 19:00:00,99.71,101.1,98.23,98.58
2022-02-28 20:00:00,98.63,98.75,96.77,96.97
2022-02-28 21:00:00,96.97,97.37,96.37,96.99
2022-02-28 22:00:00,96.96,97.6,96.12,97.35
2022-02-28 23:00:00,97.33,97.98,96.92,97.66
2022-03-01 00:00:00,97.67,97.89,95.59,96.34
2022-03-01 01:00:00,96.34,96.71,95.15,96.53
2022-03-01 02:00:00,96.5,97.16,96.3,96.98
2022-03-01 03:00:00,97.0,97.55,96.0,96.97
2022-03-01 04:00:00,96.95,96.98,94.73,95.88
2022-03-01 05:00:00,95.86,97.81,94.32,97.7
2022-03-01 06:00:00,97.68,98.56,96.85,97.84
2022-03-01 07:00:00,97.84,99.36,97.48,98.83
2022-03-01 08:00:00,98.76,101.71,98.43,100.95
2022-03-01 09:00:00,100.93,102.0,97.88,98.12
2022-03-01 10:00:00,98.14,99.2,95.75,97.94
2022-03-01 11:00:00,97.9,98.75,96.12,96.57
2022-03-01 12:00:00,96.57,98.15,96.4,97.55
2022-03-01 13:00:00,97.52,98.72,96.45,98.53
2022-03-01 14:00:00,98.53,99.13,97.58,97.75
2022-03-01 15:00:00,97.77,98.71,97.55,98.56
2022-03-01 16:00:00,98.64,99.39,96.88,97.46
2022-03-01 17:00:00,97.48,98.29,97.0,97.94
2022-03-01 18:00:00,97.92,99.15,97.65,98.64
2022-03-01 19:00:00,98.66,99.88,96.77,99.29
2022-03-01 20:00:00,99.3,99.54,97.12,98.46
2022-03-01 21:00:00,98.41,99.34,97.59,99.1
2022-03-01 22:00:00,99.03,105.23,98.82,104.28
2022-03-01 23:00:00,104.37,105.35,103.45,104.09
2022-03-02 00:00:00,104.09,104.32,103.02,103.64
2022-03-02 01:00:00,103.62,103.73,101.79,101.96
2022-03-02 02:00:00,101.95,103.06,101.26,102.41
2022-03-02 03:00:00,102.43,104.71,101.2,103.4
2022-03-02 04:00:00,103.4,104.56,103.04,103.9
2022-03-02 05:00:00,103.9,106.48,103.56,105.54
2022-03-02 06:00:00,105.55,105.59,103.89,104.62
2022-03-02 07:00:00,104.61,105.3,102.62,104.13
2022-03-02 08:00:00,104.11,104.16,100.19,101.02
2022-03-02 09:00:00,101.0,104.7,100.88,104.33
2022-03-02 10:00:00,104.44,105.0,100.93,101.62
2022-03-02 11:00:00,101.64,102.61,101.18,101.53
2022-03-02 12:00:00,101.53,103.36,101.29,101.8
2022-03-02 13:00:00,101.79,102.32,100.37,100.8
2022-03-02 14:00:00,100.78,101.4,99.81,101.05
2022-03-02 15:00:00,101.04,101.47,100.06,100.17
2022-03-02 16:00:00,100.16,101.52,99.92,101.38
2022-03-02 17:00:00,101.36,102.08,100.65,101.1
2022-03-02 18:00:00,101.11,101.61,100.37,100.75
2022-03-02 19:00:00,100.75,101.79,100.05,100.18
2022-03-02 20:00:00,100.2,100.48,98.69,99.28
2022-03-02 21:00:00,99.27,99.5,98.23,99.32
2022-03-02 22:00:00,99.26,99.39,97.77,98.43
2022-03-02 23:00:00,98.38,99.31,98.1,98.65
2022-03-03 00:00:00,98.66,99.38,98.61,99.1
2022-03-03 01:00:00,99.07,100.26,97.84,100.2
2022-03-03 02:00:00,100.16,100.8,99.52,99.8
2022-03-03 03:00:00,99.8,100.93,99.76,100.31
2022-03-03 04:00:00,100.33,100.47,98.81,98.9
2022-03-03 05:00:00,98.9,100.2,98.79,100.18
2022-03-03 06:00:00,100.16,101.25,99.69,99.75
2022-03-03 07:00:00,99.75,101.0,99.66,100.05
2022-03-03 08:00:00,100.14,100.47,99.19,100.04
2022-03-03 09:00:00,100.05,100.35,98.27,98.54
2022-03-03 10:00:00,98.52,98.85,95.07,96.01
2022-03-03 11:00:00,95.95,96.26,95.17,95.49
2022-03-03 12:00:00,95.48,95.79,94.07,95.35
2022-03-03 13:00:00,95.34,95.68,94.63,95.03
2022-03-03 14:00:00,95.02,95.53,94.45,94.97
2022-03-03 15:00:00,94.96,95.12,94.06,94.68
2022-03-03 16:00:00,94.7,95.36,94.32,95.11
2022-03-03 17:00:00,95.1,96.44,95.06,95.73
2022-03-03 18:00:00,95.73,96.2,95.3,95.64
2022-03-03 19:00:00,95.62,95.93,91.96,92.53
2022-03-03 20:00:00,92.55,93.06,91.15,92.2
2022-03-03 21:00:00,92.15,92.53,91.65,91.79
2022-03-03 22:00:00,91.8,92.04,90.52,91.55
2022-03-03 23:00:00,91.55,91.88,90.86,91.77
2022-03-04 00:00:00,91.77,91.91,91.26,91.71
2022-03-04 01:00:00,91.66,92.3,91.54,91.94
2022-03-04 02:00:00,91.94,92.27,91.52,92.0
2022-03-04 03:00:00,92.0,92.84,90.54,92.25
2022-03-04 04:00:00,92.25,92.8,91.65,92.24
2022-03-04 05:00:00,92.25,93.42,92.21,93.07
2022-03-04 06:00:00,93.08,93.92,92.7,93.16
2022-03-04 07:00:00,93.17,93.46,91.67,92.42
2022-03-04 08:00:00,92.42,93.83,91.73,92.06
2022-03-04 09:00:00,92.03,92.47,90.72,91.85
2022-03-04 10:00:00,91.83,92.14,90.68,91.32
2022-03-04 11:00:00,91.31,92.26,90.73,91.89
2022-03-04 12:00:00,91.9,92.88,90.75,92.2
2022-03-04 13:00:00,92.25,92.42,91.03,91.2
2022-03-04 14:00:00,91.2,91.35,88.35,88.7
2022-03-04 15:00:00,88.72,89.41,87.85,88.94
2022-03-04 16:00:00,88.95,89.25,88.46,88.72
2022-03-04 17:00:00,88.76,89.15,87.0,88.47
2022-03-04 18:00:00,88.47,88.78,87.87,88.36
2022-03-04 19:00:00,88.35,88.42,86.15,86.17
2022-03-04 20:00:00,86.18,87.39,85.98,86.85
2022-03-04 21:00:00,86.85,87.32,86.5,86.84
2022-03-04 22:00:00,86.82,87.91,86.68,87.74
2022-03-04 23:00:00,87.73,87.9,86.85,87.27
2022-03-05 00:00:00,87.32,88.23,87.04,88.16
2022-03-05 01:00:00,88.16,88.8,87.95,88.26
2022-03-05 02:00:00,88.27,89.23,88.06,88.86
2022-03-05 03:00:00,88.86,89.11,88.24,88.88
2022-03-05 04:00:00,88.88,89.13,88.59,88.94
2022-03-05 05:00:00,88.94,89.1,87.83,88.81
2022-03-05 06:00:00,88.8,89.05,88.56,88.74
2022-03-05 07:00:00,88.75,89.81,88.68,89.11
2022-03-05 08:00:00,89.11,89.14,87.81,88.42
2022-03-05 09:00:00,88.42,89.16,88.11,88.98
2022-03-05 10:00:00,89.06,89.42,88.9,89.17
2022-03-05 11:00:00,89.16,90.99,89.14,90.39
2022-03-05 12:00:00,90.39,91.23,89.96,89.96
2022-03-05 13:00:00,89.98,90.31,89.22,89.99
2022-03-05 14:00:00,90.01,90.51,89.79,90.17
2022-03-05 15:00:00,90.16,90.51,89.96,90.04
2022-03-05 16:00:00,90.04,90.18,89.31,89.36
2022-03-05 17:00:00,89.43,90.07,89.06,90.06
2022-03-05 18:00:00,90.07,90.09,89.35,89.64
2022-03-05 19:00:00,89.64,89.88,89.35,89.76
2022-03-05 20:00:00,89.82,89.96,89.08,89.16
2022-03-05 21:00:00,89.15,89.15,88.45,88.69
2022-03-05 22:00:00,88.67,88.82,87.5,87.7
2022-03-05 23:00:00,87.69,88.55,86.68,88.15
2022-03-06 00:00:00,88.2,88.57,88.13,88.23
2022-03-06 01:00:00,88.2,88.91,88.15,88.49
2022-03-06 02:00:00,88.48,88.65,87.98,88.35
2022-03-06 03:00:00,88.35,88.42,87.59,87.74
2022-03-06 04:00:00,87.69,87.89,86.75,86.75
2022-03-06 05:00:00,86.76,87.09,85.82,86.41
2022-03-06 06:00:00,86.41,87.01,85.94,87.01
2022-03-06 07:00:00,87.02,87.65,86.7,87.02
2022-03-06 08:00:00,87.07,88.25,87.07,87.62
2022-03-06 09:00:00,87.62,87.82,87.11,87.22
2022-03-06 10:00:00,87.22,87.43,86.49,87.28
2022-03-06 11:00:00,87.28,88.27,87.02,87.66
2022-03-06 12:00:00,87.72,87.88,86.83,87.26
2022-03-06 13:00:00,87.26,87.57,86.4,86.7
2022-03-06 14:00:00,86.71,86.72,84.9,85.39
2022-03-06 15:00:00,85.4,85.8,85.05,85.63
2022-03-06 16:00:00,85.66,86.63,85.41,85.7
2022-03-06 17:00:00,85.7,86.4,85.6,85.77
2022-03-06 18:00:00,85.75,85.96,84.13,84.58
2022-03-06 19:00:00,84.59,84.79,82.01,83.05
2022-03-06 20:00:00,83.05,83.81,82.82,83.0
2022-03-06 21:00:00,82.98,83.35,81.77,82.09
2022-03-06 22:00:00,82.11,82.59,81.42,82.29
2022-03-06 23:00:00,82.3,82.94,81.97,82.72
2022-03-07 00:00:00,82.68,83.3,82.39,82.77
2022-03-07 01:00:00,82.71,83.39,82.66,83.17
2022-03-07 02:00:00,83.2,83.34,81.2,81.83
2022-03-07 03:00:00,81.85,82.7,81.27,82.57
2022-03-07 04:00:00,82.58,83.15,82.11,82.16
2022-03-07 05:00:00,82.19,82.73,81.91,82.21
2022-03-07 06:00:00,82.22,83.33,82.07,83.13
2022-03-07 07:00:00,83.14,84.55,83.14,84.07
2022-03-07 08:00:00,84.09,85.85,83.87,85.56
2022-03-07 09:00:00,85.56,86.69,85.11,85.33
2022-03-07 10:00:00,85.33,85.84,84.53,85.05
2022-03-07 11:00:00,85.05,86.04,84.13,84.25
2022-03-07 12:00:00,84.26,84.62,83.62,83.87
2022-03-07 13:00:00,83.79,83.79,82.35,82.85
2022-03-07 14:00:00,82.85,83.0,80.02,80.35
2022-03-07 15:00:00,80.36,82.06,79.99,81.13
2022-03-07 16:00:00,81.2,82.23,80.78,81.17
2022-03-07 17:00:00,81.19,82.96,81.12,82.24
2022-03-07 18:00:00,82.25,82.96,81.67,81.67
2022-03-07 19:00:00,81.68,82.76,81.32,82.35
2022-03-07 20:00:00,82.41,83.02,81.89,82.67
2022-03-07 21:00:00,82.7,84.62,82.43,83.67
2022-03-07 22:00:00,83.69,84.0,83.1,83.48
2022-03-07 23:00:00,83.49,84.21,83.2,83.27
2022-03-08 00:00:00,83.21,83.66,82.79,83.53
2022-03-08 01:00:00,83.54,84.05,82.51,82.84
2022-03-08 02:00:00,82.85,83.76,82.54,82.99
2022-03-08 03:00:00,83.05,84.94,82.67,84.12
2022-03-08 04:00:00,84.12,84.45,83.43,84.1
2022-03-08 05:00:00,84.07,84.46,83.24,84.19
2022-03-08 06:00:00,84.16,84.21,83.16,83.89
2022-03-08 07:00:00,83.93,84.57,83.58,84.07
2022-03-08 08:00:00,84.07,84.5,83.27,84.0
2022-03-08 09:00:00,83.97,84.38,83.27,83.65
2022-03-08 10:00:00,83.6,83.83,81.78,82.76
2022-03-08 11:00:00,82.78,83.31,81.34,81.69
2022-03-08 12:00:00,81.72,84.02,81.58,83.39
2022-03-08 13:00:00,83.4,85.05,82.67,82.78
2022-03-08 14:00:00,82.76,83.17,81.93,82.91
2022-03-08 15:00:00,82.92,83.18,81.62,81.83
2022-03-08 16:00:00,81.81,82.15,81.51,81.64
2022-03-08 17:00:00,81.62,81.96,81.4,81.76
2022-03-08 18:00:00,81.78,82.5,81.77,82.34
2022-03-08 19:00:00,82.34,83.22,81.94,83.04
2022-03-08 20:00:00,83.05,84.2,82.74,84.14
2022-03-08 21:00:00,84.15,84.49,83.55,84.3
2022-03-08 22:00:00,84.27,88.51,84.16,88.15
2022-03-08 23:00:00,88.14,88.74,87.65,88.37
2022-03-09 00:00:00,88.38,88.44,86.96,87.32
2022-03-09 01:00:00,87.32,88.63,87.08,88.37
2022-03-09 02:00:00,88.37,89.67,88.07,89.27
2022-03-09 03:00:00,89.27,89.94,88.27,89.04
2022-03-09 04:00:00,89.05,89.23,88.47,88.51
2022-03-09 05:00:00,88.5,88.84,88.3,88.72
2022-03-09 06:00:00,88.72,89.13,87.89,88.22
2022-03-09 07:00:00,88.2,89.1,87.08,87.86
2022-03-09 08:00:00,87.86,88.32,86.58,86.83
2022-03-09 09:00:00,86.87,88.55,86.82,87.83
2022-03-09 10:00:00,87.86,89.33,87.35,88.93
2022-03-09 11:00:00,88.93,89.42,88.08,88.38
2022-03-09 12:00:00,88.35,88.68,87.71,88.3
2022-03-09 13:00:00,88.3,88.41,86.7,87.04
2022-03-09 14:00:00,87.1,87.53,86.07,86.97
2022-03-09 15:00:00,86.99,87.59,86.25,86.43
2022-03-09 16:00:00,86.42,87.12,86.12,86.91
2022-03-09 17:00:00,86.93,87.93,86.91,87.9
2022-03-09 18:00:00,87.9,88.85,87.7,88.09
2022-03-09 19:00:00,88.08,88.6,87.57,87.75
2022-03-09 20:00:00,87.75,88.16,86.05,86.19
2022-03-09 21:00:00,86.24,86.79,85.31,85.65
2022-03-09 22:00:00,85.55,85.98,85.31,85.34
2022-03-09 23:00:00,85.35,85.56,83.06,83.23
2022-03-10 00:00:00,83.2,83.32,82.1,82.73
2022-03-10 01:00:00,82.74,83.01,82.0,82.63
2022-03-10 02:00:00,82.62,82.99,82.25,82.74
2022-03-10 03:00:00,82.74,83.0,81.91,82.85
2022-03-10 04:00:00,82.85,83.2,82.47,82.73
2022-03-10 05:00:00,82.72,82.98,82.4,82.41
2022-03-10 06:00:00,82.4,82.45,81.96,82.13
2022-03-10 07:00:00,82.1,82.9,81.94,82.58
2022-03-10 08:00:00,82.59,84.04,80.76,81.77
2022-03-10 09:00:00,81.77,82.28,81.19,82.22
2022-03-10 10:00:00,82.22,83.38,81.62,81.98
2022-03-10 11:00:00,81.95,82.5,81.7,82.3
2022-03-10 12:00:00,82.29,82.54,81.86,82.23
2022-03-10 13:00:00,82.24,82.65,81.59,82.05
2022-03-10 14:00:00,82.05,82.75,81.85,82.5
2022-03-10 15:00:00,82.52,83.41,82.23,83.26
2022-03-10 16:00:00,83.27,83.33,82.68,82.81
2022-03-10 17:00:00,82.83,84.07,82.04,83.45
2022-03-10 18:00:00,83.43,83.71,82.73,82.91
2022-03-10 19:00:00,82.9,83.2,82.27,82.51
2022-03-10 20:00:00,82.52,82.56,81.33,81.57
2022-03-10 21:00:00,81.58,81.73,80.79,81.4
2022-03-10 22:00:00,81.43,82.16,81.32,81.96
2022-03-10 23:00:00,81.96,82.04,80.38,80.56
2022-03-11 00:00:00,80.63,81.55,80.26,81.49
2022-03-11 01:00:00,81.48,82.51,81.28,82.03
2022-03-11 02:00:00,82.03,82.67,81.97,82.27
2022-03-11 03:00:00,82.29,82.5,81.57,81.85
2022-03-11 04:00:00,81.85,82.39,81.76,81.94
2022-03-11 05:00:00,81.93,82.25,81.81,81.86
2022-03-11 06:00:00,81.87,83.91,81.24,83.31
2022-03-11 07:00:00,83.3,84.33,83.29,83.58
2022-03-11 08:00:00,83.58,83.67,82.36,82.65
2022-03-11 09:00:00,82.63,83.19,82.2,82.4
2022-03-11 10:00:00,82.44,82.44,81.34,81.79
2022-03-11 11:00:00,81.83,81.83,80.51,81.0
2022-03-11 12:00:00,80.99,81.1,80.64,80.95
2022-03-11 13:00:00,80.98,81.42,80.55,80.62
2022-03-11 14:00:00,80.64,81.15,80.4,80.59
2022-03-11 15:00:00,80.59,80.98,80.08,80.31
2022-03-11 16:00:00,80.32,81.63,80.28,81.24
2022-03-11 17:00:00,81.24,81.5,81.04,81.19
2022-03-11 18:00:00,81.18,81.35,80.56,80.68
2022-03-11 19:00:00,80.69,81.74,80.56,81.59
2022-03-11 20:00:00,81.58,82.45,81.58,82.38
2022-03-11 21:00:00,82.39,82.75,81.8,82.07
2022-03-11 22:00:00,82.04,82.33,81.78,81.78
2022-03-11 23:00:00,81.81,82.49,81.32,82.05
2022-03-12 00:00:00,82.07,82.27,81.77,82.09
2022-03-12 01:00:00,82.06,82.24,81.58,81.66
2022-03-12 02:00:00,81.65,81.81,81.35,81.69
2022-03-12 03:00:00,81.69,81.75,80.59,81.02
2022-03-12 04:00:00,81.01,81.47,80.94,81.2
2022-03-12 05:00:00,81.23,81.35,81.05,81.27
2022-03-12 06:00:00,81.26,81.61,80.96,81.1
2022-03-12 07:00:00,81.08,81.69,81.02,81.42
2022-03-12 08:00:00,81.42,81.81,81.26,81.37
2022-03-12 09:00:00,81.37,81.72,80.91,81.21
2022-03-12 10:00:00,81.23,82.32,81.08,81.69
2022-03-12 11:00:00,81.7,82.23,81.55,81.94
2022-03-12 12:00:00,81.96,82.4,81.76,82.13
2022-03-12 13:00:00,82.14,82.33,81.8,82.07
2022-03-12 14:00:00,82.07,82.07,81.2,81.66
2022-03-12 15:00:00,81.66,82.1,81.54,81.92
2022-03-12 16:00:00,81.93,82.16,81.62,81.78
2022-03-12 17:00:00,81.77,82.19,81.69,81.88
2022-03-12 18:00:00,81.88,82.07,81.28,81.42
2022-03-12 19:00:00,81.41,81.74,81.01,81.04
2022-03-12 20:00:00,81.06,81.78,81.01,81.2
2022-03-12 21:00:00,81.18,81.7,81.17,81.68
2022-03-12 22:00:00,81.69,82.59,81.65,82.57
2022-03-12 23:00:00,82.59,83.38,82.36,82.4
2022-03-13 00:00:00,82.4,82.8,82.09,82.18
2022-03-13 01:00:00,82.18,82.45,82.09,82.36
2022-03-13 02:00:00,82.38,82.42,81.68,81.74
2022-03-13 03:00:00,81.76,81.82,81.47,81.71
2022-03-13 04:00:00,81.68,81.76,81.07,81.37
2022-03-13 05:00:00,81.35,81.39,81.14,81.33
2022-03-13 06:00:00,81.33,81.5,80.8,81.06
2022-03-13 07:00:00,81.05,81.18,80.0,80.3
2022-03-13 08:00:00,80.29,80.97,80.19,80.53
2022-03-13 09:00:00,80.54,81.26,80.51,81.19
2022-03-13 10:00:00,81.15,81.7,81.09,81.23
2022-03-13 11:00:00,81.21,81.42,81.0,81.06
2022-03-13 12:00:00,81.06,81.45,80.72,81.14
2022-03-13 13:00:00,81.14,81.2,80.83,80.85
2022-03-13 14:00:00,80.85,80.96,80.35,80.5
2022-03-13 15:00:00,80.45,80.46,78.62,79.68
2022-03-13 16:00:00,79.67,80.19,79.45,79.96
2022-03-13 17:00:00,79.98,80.23,77.72,78.31
2022-03-13 18:00:00,78.3,79.14,77.77,78.76
2022-03-13 19:00:00,78.75,79.14,78.01,78.89
2022-03-13 20:00:00,78.89,79.46,78.49,78.74
2022-03-13 21:00:00,78.74,79.39,78.53,78.95
2022-03-13 22:00:00,78.93,79.95,78.69,79.51
2022-03-13 23:00:00,79.53,81.68,79.48,80.32
2022-03-14 00:00:00,80.31,80.56,80.12,80.24
2022-03-14 01:00:00,80.21,80.78,80.1,80.31
2022-03-14 02:00:00,80.31,80.99,80.16,80.92
2022-03-14 03:00:00,80.93,81.55,80.86,81.36
2022-03-14 04:00:00,81.37,82.31,81.22,81.82
2022-03-14 05:00:00,81.83,81.93,81.23,81.58
2022-03-14 06:00:00,81.57,81.73,80.8,80.94
2022-03-14 07:00:00,80.9,81.1,80.3,80.76
2022-03-14 08:00:00,80.74,81.13,80.14,80.64
2022-03-14 09:00:00,80.6,81.4,80.45,81.4
2022-03-14 10:00:00,81.39,81.5,80.68,80.99
2022-03-14 11:00:00,80.95,81.03,80.52,80.57
2022-03-14 12:00:00,80.57,80.61,78.97,79.23
2022-03-14 13:00:00,79.2,79.37,78.54,79.06
2022-03-14 14:00:00,79.06,79.99,78.91,79.94
2022-03-14 15:00:00,79.98,80.2,79.26,79.38
2022-03-14 16:00:00,79.38,80.09,79.14,79.84
2022-03-14 17:00:00,79.85,81.5,79.67,80.81
2022-03-14 18:00:00,80.81,81.34,80.8,81.25
2022-03-14 19:00:00,81.23,81.56,80.61,81.37
2022-03-14 20:00:00,81.37,81.42,80.03,80.06
2022-03-14 21:00:00,80.05,80.66,79.8,80.12
2022-03-14 22:00:00,80.11,80.3,79.33,79.68
2022-03-14 23:00:00,79.65,80.03,79.52,79.91
2022-03-15 00:00:00,79.9,79.96,79.67,79.84
2022-03-15 01:00:00,79.86,80.39,79.77,79.9
2022-03-15 02:00:00,79.9,79.91,78.77,79.38
2022-03-15 03:00:00,79.36,79.38,79.01,79.22
2022-03-15 04:00:00,79.22,79.63,79.01,79.33
2022-03-15 05:00:00,79.34,79.98,79.27,79.91
2022-03-15 06:00:00,79.93,80.4,79.88,80.13
2022-03-15 07:00:00,80.12,80.7,80.05,80.53
2022-03-15 08:00:00,80.52,80.53,79.65,80.18
2022-03-15 09:00:00,80.18,80.87,79.92,80.54
2022-03-15 10:00:00,80.55,81.25,80.37,81.08
2022-03-15 11:00:00,81.07,82.28,80.72,81.8
2022-03-15 12:00:00,81.78,82.86,81.53,82.8
2022-03-15 13:00:00,82.79,84.95,82.32,84.88
2022-03-15 14:00:00,84.87,86.0,84.23,84.58
2022-03-15 15:00:00,84.6,85.19,83.38,83.62
2022-03-15 16:00:00,83.63,84.14,83.1,83.93
2022-03-15 17:00:00,83.97,84.69,83.13,83.34
2022-03-15 18:00:00,83.37,83.65,82.75,82.85
2022-03-15 19:00:00,82.87,83.53,82.64,82.71
2022-03-15 20:00:00,82.71,83.99,82.65,83.54
2022-03-15 21:00:00,83.54,86.38,83.43,84.5
2022-03-15 22:00:00,84.5,84.82,82.18,82.38
2022-03-15 23:00:00,82.38,82.48,81.56,81.92
2022-03-16 00:00:00,81.92,82.14,81.54,82.02
2022-03-16 01:00:00,82.01,82.74,81.92,82.73
2022-03-16 02:00:00,82.74,82.93,82.17,82.84
2022-03-16 03:00:00,82.85,83.95,82.76,83.7
2022-03-16 04:00:00,83.75,84.27,83.44,83.86
2022-03-16 05:00:00,83.86,84.14,83.38,83.6
2022-03-16 06:00:00,83.59,84.62,83.47,84.29
2022-03-16 07:00:00,84.3,84.53,83.42,83.53
2022-03-16 08:00:00,83.52,83.83,82.78,83.8
2022-03-16 09:00:00,83.81,84.95,83.37,84.62
2022-03-16 10:00:00,84.62,84.8,83.74,83.97
2022-03-16 11:00:00,83.97,84.52,83.5,83.89
2022-03-16 12:00:00,83.88,84.24,83.55,84.1
2022-03-16 13:00:00,84.08,84.41,82.18,83.57
2022-03-16 14:00:00,83.59,86.1,83.27,85.85
2022-03-16 15:00:00,85.85,86.97,85.6,86.37
2022-03-16 16:00:00,86.4,86.81,85.63,85.94
2022-03-16 17:00:00,85.94,86.18,85.67,85.95
2022-03-16 18:00:00,85.95,88.0,85.9,87.81
2022-03-16 19:00:00,87.81,88.09,86.97,87.49
2022-03-16 20:00:00,87.52,89.28,87.02,88.69
2022-03-16 21:00:00,88.69,88.79,87.82,88.63
2022-03-16 22:00:00,88.62,88.64,87.95,88.02
2022-03-16 23:00:00,88.01,88.98,87.31,88.89
2022-03-17 00:00:00,88.91,88.99,87.75,87.87
2022-03-17 01:00:00,87.86,88.14,86.74,87.14
2022-03-17 02:00:00,87.12,87.53,86.86,87.26
2022-03-17 03:00:00,87.26,87.4,86.86,87.08
2022-03-17 04:00:00,87.09,87.63,87.01,87.51
2022-03-17 05:00:00,87.52,87.54,86.62,87.16
2022-03-17 06:00:00,87.15,87.84,86.94,87.71
2022-03-17 07:00:00,87.71,89.49,87.56,89.49
2022-03-17 08:00:00,89.49,89.99,88.66,89.74
2022-03-17 09:00:00,89.76,90.77,89.26,89.44
2022-03-17 10:00:00,89.43,90.21,88.98,89.38
2022-03-17 11:00:00,89.41,90.41,89.09,89.64
2022-03-17 12:00:00,89.64,90.08,88.68,89.72
2022-03-17 13:00:00,89.72,90.14,88.98,89.11
2022-03-17 14:00:00,89.06,90.85,89.02,90.85
2022-03-17 15:00:00,90.85,91.0,89.48,89.51
2022-03-17 16:00:00,89.5,89.65,87.76,88.76
2022-03-17 17:00:00,88.76,88.96,88.27,88.49
2022-03-17 18:00:00,88.53,88.66,87.69,87.86
2022-03-17 19:00:00,87.86,88.14,86.17,86.54
2022-03-17 20:00:00,86.55,87.15,86.12,86.47
2022-03-17 21:00:00,86.46,86.48,85.78,86.1
2022-03-17 22:00:00,86.11,86.31,85.67,85.95
2022-03-17 23:00:00,85.93,86.26,85.6,85.99
2022-03-18 00:00:00,85.96,86.84,85.96,86.59
2022-03-18 01:00:00,86.6,87.16,86.4,86.41
2022-03-18 02:00:00,86.42,86.71,85.68,85.82
2022-03-18 03:00:00,85.82,86.64,85.39,86.2
2022-03-18 04:00:00,86.2,86.3,85.51,85.57
2022-03-18 05:00:00,85.56,85.89,84.75,84.84
2022-03-18 06:00:00,84.8,85.11,84.47,85.0
2022-03-18 07:00:00,85.0,85.55,84.69,85.02
2022-03-18 08:00:00,85.0,85.83,84.81,85.8
2022-03-18 09:00:00,85.8,86.5,85.47,86.01
2022-03-18 10:00:00,86.01,88.34,85.96,88.34
2022-03-18 11:00:00,88.33,90.92,88.24,90.7
2022-03-18 12:00:00,90.7,92.34,88.0,90.76
2022-03-18 13:00:00,90.77,91.08,90.39,90.71
2022-03-18 14:00:00,90.71,91.2,90.05,91.18
2022-03-18 15:00:00,91.2,91.79,89.79,89.92
2022-03-18 16:00:00,89.9,90.49,89.64,90.32
2022-03-18 17:00:00,90.32,90.43,88.88,88.95
2022-03-18 18:00:00,88.97,89.97,88.92,89.81
2022-03-18 19:00:00,89.85,92.39,89.85,91.58
2022-03-18 20:00:00,91.57,91.57,90.24,90.29
2022-03-18 21:00:00,90.26,90.66,89.66,90.4
2022-03-18 22:00:00,90.41,90.73,89.38,90.29
2022-03-18 23:00:00,90.28,90.86,90.05,90.72
2022-03-19 00:00:00,90.7,90.72,89.73,89.84
2022-03-19 01:00:00,89.85,90.33,89.8,90.1
2022-03-19 02:00:00,90.1,90.1,89.27,89.4
2022-03-19 03:00:00,89.4,89.94,89.32,89.9
2022-03-19 04:00:00,89.86,90.3,89.72,90.05
2022-03-19 05:00:00,90.05,90.25,89.82,90.22
2022-03-19 06:00:00,90.21,91.04,89.91,90.77
2022-03-19 07:00:00,90.77,91.84,90.45,91.69
2022-03-19 08:00:00,91.71,92.34,90.91,91.18
2022-03-19 09:00:00,91.17,93.78,90.78,93.62
2022-03-19 10:00:00,93.6,94.3,92.73,94.1
2022-03-19 11:00:00,94.1,94.6,93.32,93.62
2022-03-19 12:00:00,93.63,93.91,92.97,93.13
2022-03-19 13:00:00,93.12,93.33,92.39,93.23
2022-03-19 14:00:00,93.26,93.28,92.5,92.68
2022-03-19 15:00:00,92.67,93.34,91.77,92.63
2022-03-19 16:00:00,92.62,93.46,92.62,92.78
2022-03-19 17:00:00,92.8,92.87,91.23,92.51
2022-03-19 18:00:00,92.5,93.05,92.06,92.38
2022-03-19 19:00:00,92.37,92.59,90.94,91.59
2022-03-19 20:00:00,91.55,91.78,90.8,91.63
2022-03-19 21:00:00,91.59,91.64,90.41,90.75
2022-03-19 22:00:00,90.75,91.32,90.71,90.82
2022-03-19 23:00:00,90.84,91.09,90.51,90.61
2022-03-20 00:00:00,90.61,91.3,90.39,91.3
2022-03-20 01:00:00,91.28,91.61,91.0,91.06
2022-03-20 02:00:00,91.06,91.36,90.78,91.03
2022-03-20 03:00:00,91.07,91.7,90.92,91.09
2022-03-20 04:00:00,91.08,91.21,89.65,90.64
2022-03-20 05:00:00,90.64,91.05,89.98,90.62
2022-03-20 06:00:00,90.6,90.92,89.89,89.96
2022-03-20 07:00:00,89.97,90.69,89.23,90.35
2022-03-20 08:00:00,90.38,90.53,89.64,89.79
2022-03-20 09:00:00,89.79,90.21,89.22,89.5
2022-03-20 10:00:00,89.5,89.8,89.01,89.2
2022-03-20 11:00:00,89.2,89.78,88.68,88.93
2022-03-20 12:00:00,88.92,89.09,87.94,88.41
2022-03-20 13:00:00,88.41,89.15,88.26,89.12
2022-03-20 14:00:00,89.15,89.96,88.95,89.56
2022-03-20 15:00:00,89.58,90.37,88.53,88.71
2022-03-20 16:00:00,88.72,89.66,88.35,89.1
2022-03-20 17:00:00,89.13,89.49,88.71,89.49
2022-03-20 18:00:00,89.48,89.5,88.49,88.64
2022-03-20 19:00:00,88.66,89.23,88.09,88.66
2022-03-20 20:00:00,88.68,88.93,88.05,88.25
2022-03-20 21:00:00,88.27,88.55,86.8,87.57
2022-03-20 22:00:00,87.54,88.15,87.45,87.77
2022-03-20 23:00:00,87.74,88.15,87.62,88.0
2022-03-21 00:00:00,87.98,88.68,87.97,88.67
2022-03-21 01:00:00,88.67,88.84,88.08,88.43
2022-03-21 02:00:00,88.44,89.79,88.28,89.7
2022-03-21 03:00:00,89.69,90.05,89.44,89.68
2022-03-21 04:00:00,89.7,91.04,89.59,90.98
2022-03-21 05:00:00,90.99,91.16,90.3,90.54
2022-03-21 06:00:00,90.56,90.97,89.74,89.88
2022-03-21 07:00:00,89.87,90.36,88.91,89.79
2022-03-21 08:00:00,89.79,91.29,89.64,89.75
2022-03-21 09:00:00,89.76,90.17,88.66,89.42
2022-03-21 10:00:00,89.41,89.79,88.86,89.62
2022-03-21 11:00:00,89.6,89.71,88.0,88.09
2022-03-21 12:00:00,88.07,88.33,87.5,88.23
2022-03-21 13:00:00,88.24,88.74,87.72,87.96
2022-03-21 14:00:00,87.94,88.8,87.86,88.78
2022-03-21 15:00:00,88.78,88.95,88.46,88.63
2022-03-21 16:00:00,88.62,89.06,88.41,89.06
2022-03-21 17:00:00,89.06,89.26,88.75,88.75
2022-03-21 18:00:00,88.74,88.9,88.26,88.62
2022-03-21 19:00:00,88.61,88.97,88.01,88.83
2022-03-21 20:00:00,88.84,89.11,88.3,89.07
2022-03-21 21:00:00,89.08,90.5,88.95,90.12
2022-03-21 22:00:00,90.14,91.77,90.14,91.02
2022-03-21 23:00:00,91.02,92.43,91.0,92.03
2022-03-22 00:00:00,92.03,92.21,91.44,91.44
2022-03-22 01:00:00,91.43,91.47,89.53,90.1
2022-03-22 02:00:00,90.09,90.55,90.0,90.3
2022-03-22 03:00:00,90.3,91.44,90.08,90.99
2022-03-22 04:00:00,91.0,91.06,90.38,90.76
2022-03-22 05:00:00,90.77,91.92,90.51,91.65
2022-03-22 06:00:00,91.65,92.24,91.4,92.05
2022-03-22 07:00:00,92.04,92.14,91.04,91.56
2022-03-22 08:00:00,91.6,92.68,91.18,91.96
2022-03-22 09:00:00,91.98,93.99,91.97,93.06
2022-03-22 10:00:00,93.05,93.67,92.49,92.62
2022-03-22 11:00:00,92.62,93.37,92.35,92.55
2022-03-22 12:00:00,92.55,93.62,92.47,93.01
2022-03-22 13:00:00,93.01,93.04,92.13,92.17
2022-03-22 14:00:00,92.16,92.76,91.42,91.42
2022-03-22 15:00:00,91.42,92.11,91.39,91.84
2022-03-22 16:00:00,91.88,92.47,91.76,92.24
2022-03-22 17:00:00,92.22,92.27,91.32,91.53
2022-03-22 18:00:00,91.56,91.57,90.3,90.48
2022-03-22 19:00:00,90.47,90.83,90.19,90.58
2022-03-22 20:00:00,90.56,90.56,89.23,90.48
2022-03-22 21:00:00,90.46,91.33,90.22,90.85
2022-03-22 22:00:00,90.84,91.05,90.14,90.15
2022-03-22 23:00:00,90.14,90.55,89.72,90.46
2022-03-23 00:00:00,90.44,91.05,90.11,90.87
2022-03-23 01:00:00,90.88,91.8,90.78,91.71
2022-03-23 02:00:00,91.74,91.82,91.09,91.18
2022-03-23 03:00:00,91.17,91.47,90.65,91.15
2022-03-23 04:00:00,91.14,91.34,90.66,91.05
2022-03-23 05:00:00,91.04,91.82,90.94,91.47
2022-03-23 06:00:00,91.48,91.65,90.88,91.36
2022-03-23 07:00:00,91.35,92.64,90.98,92.52
2022-03-23 08:00:00,92.5,92.99,91.87,92.29
2022-03-23 09:00:00,92.29,94.97,91.96,94.81
2022-03-23 10:00:00,94.81,96.35,94.29,95.72
2022-03-23 11:00:00,95.73,96.15,94.51,94.93
2022-03-23 12:00:00,94.94,95.08,93.07,93.65
2022-03-23 13:00:00,93.64,93.89,92.65,92.71
2022-03-23 14:00:00,92.72,93.34,92.61,92.84
2022-03-23 15:00:00,92.85,93.93,92.69,93.51
2022-03-23 16:00:00,93.51,93.99,93.05,93.83
2022-03-23 17:00:00,93.83,94.61,93.58,94.38
2022-03-23 18:00:00,94.37,95.25,93.88,94.9
2022-03-23 19:00:00,94.91,96.0,93.45,95.38
2022-03-23 20:00:00,95.38,95.44,93.79,94.56
2022-03-23 21:00:00,94.57,95.87,93.96,95.63
2022-03-23 22:00:00,95.62,95.92,94.63,94.69
2022-03-23 23:00:00,94.69,95.59,94.64,95.23
2022-03-24 00:00:00,95.23,97.08,94.95,97.01
2022-03-24 01:00:00,97.01,97.49,96.46,96.95
2022-03-24 02:00:00,96.95,97.63,96.37,97.15
2022-03-24 03:00:00,97.15,97.88,96.71,97.51
2022-03-24 04:00:00,97.52,98.87,97.39,98.75
2022-03-24 05:00:00,98.77,101.4,98.36,100.99
2022-03-24 06:00:00,100.98,101.87,99.61,100.1
2022-03-24 07:00:00,100.09,100.36,98.55,99.39
2022-03-24 08:00:00,99.38,101.56,98.28,100.94
2022-03-24 09:00:00,100.9,101.52,99.84,101.17
2022-03-24 10:00:00,101.19,102.2,100.57,101.68
2022-03-24 11:00:00,101.67,102.72,100.9,101.76
2022-03-24 12:00:00,101.75,102.19,100.68,100.68
2022-03-24 13:00:00,100.67,102.23,100.66,102.21
2022-03-24 14:00:00,102.19,103.74,101.89,102.91
2022-03-24 15:00:00,102.92,103.55,102.38,102.41
2022-03-24 16:00:00,102.41,102.64,101.55,102.3
2022-03-24 17:00:00,102.31,103.08,102.08,102.5
2022-03-24 18:00:00,102.42,102.84,101.76,102.38
2022-03-24 19:00:00,102.39,102.59,100.87,101.44
2022-03-24 20:00:00,101.4,104.15,101.0,103.49
2022-03-24 21:00:00,103.47,104.79,103.0,103.2
2022-03-24 22:00:00,103.16,103.87,102.66,103.54
2022-03-24 23:00:00,103.53,104.6,103.11,104.6
2022-03-25 00:00:00,104.6,104.9,103.93,104.18
2022-03-25 01:00:00,104.18,104.75,103.38,103.87
2022-03-25 02:00:00,103.86,104.19,102.75,102.92
2022-03-25 03:00:00,102.92,103.41,101.55,103.15
2022-03-25 04:00:00,103.15,103.52,102.39,103.1
2022-03-25 05:00:00,103.12,103.18,102.01,102.62
2022-03-25 06:00:00,102.6,104.5,102.56,104.31
2022-03-25 07:00:00,104.32,104.55,103.62,103.87
2022-03-25 08:00:00,103.86,104.18,103.12,103.71
2022-03-25 09:00:00,103.72,103.96,102.1,102.83
2022-03-25 10:00:00,102.85,102.87,99.7,100.29
2022-03-25 11:00:00,100.29,100.88,98.2,98.29
2022-03-25 12:00:00,98.26,98.91,97.14,97.94
2022-03-25 13:00:00,97.94,98.86,97.85,98.71
2022-03-25 14:00:00,98.71,98.77,97.49,98.51
2022-03-25 15:00:00,98.5,99.32,98.11,99.27
2022-03-25 16:00:00,99.27,99.28,98.45,98.96
2022-03-25 17:00:00,98.96,99.01,97.9,98.02
2022-03-25 18:00:00,98.03,98.82,97.85,98.64
2022-03-25 19:00:00,98.63,99.28,98.0,98.06
2022-03-25 20:00:00,98.08,98.61,97.69,98.22
2022-03-25 21:00:00,98.24,98.66,97.84,98.36
2022-03-25 22:00:00,98.36,99.19,98.2,98.96
2022-03-25 23:00:00,98.96,100.25,98.63,99.89
2022-03-26 00:00:00,99.89,101.46,99.39,100.94
2022-03-26 01:00:00,100.96,101.32,100.15,100.53
2022-03-26 02:00:00,100.54,101.54,99.98,101.3
2022-03-26 03:00:00,101.29,101.54,100.82,101.18
2022-03-26 04:00:00,101.2,101.25,100.34,100.55
2022-03-26 05:00:00,100.55,101.05,100.05,100.62
2022-03-26 06:00:00,100.63,100.77,100.01,100.44
2022-03-26 07:00:00,100.42,101.0,99.76,100.2
2022-03-26 08:00:00,100.2,100.64,99.96,100.11
2022-03-26 09:00:00,100.12,100.35,99.78,100.13
2022-03-26 10:00:00,100.12,101.97,100.0,101.25
2022-03-26 11:00:00,101.25,103.38,101.15,103.18
2022-03-26 12:00:00,103.18,103.33,102.31,102.74
2022-03-26 13:00:00,102.73,103.04,102.16,102.79
2022-03-26 14:00:00,102.8,103.32,102.61,102.74
2022-03-26 15:00:00,102.74,103.42,102.26,102.4
2022-03-26 16:00:00,102.39,102.54,101.7,102.11
2022-03-26 17:00:00,102.11,102.34,101.4,101.41
2022-03-26 18:00:00,101.42,102.21,101.25,101.79
2022-03-26 19:00:00,101.78,102.41,101.53,102.36
2022-03-26 20:00:00,102.35,102.64,101.91,102.53
2022-03-26 21:00:00,102.56,103.09,102.24,102.32
2022-03-26 22:00:00,102.32,102.33,101.37,101.87
2022-03-26 23:00:00,101.87,102.19,101.15,101.58
2022-03-27 00:00:00,101.57,102.05,101.49,101.54
2022-03-27 01:00:00,101.55,102.34,101.55,102.07
2022-03-27 02:00:00,102.03,102.47,101.98,102.26
2022-03-27 03:00:00,102.28,102.47,101.36,101.4
2022-03-27 04:00:00,101.39,101.67,100.98,101.01
2022-03-27 05:00:00,101.01,101.22,100.7,100.86
2022-03-27 06:00:00,100.86,101.03,100.27,100.5
2022-03-27 07:00:00,100.5,100.69,99.21,99.28
2022-03-27 08:00:00,99.29,100.77,98.83,100.44
2022-03-27 09:00:00,100.43,100.95,100.22,100.64
2022-03-27 10:00:00,100.64,101.62,100.34,101.51
2022-03-27 11:00:00,101.51,101.97,101.05,101.68
2022-03-27 12:00:00,101.7,102.09,101.0,102.01
2022-03-27 13:00:00,102.0,102.99,102.0,102.64
2022-03-27 14:00:00,102.66,103.5,102.66,103.28
2022-03-27 15:00:00,103.28,105.67,101.86,104.9
2022-03-27 16:00:00,104.89,105.69,104.13,105.33
2022-03-27 17:00:00,105.35,106.0,104.85,105.5
2022-03-27 18:00:00,105.49,107.47,105.23,107.06
2022-03-27 19:00:00,107.05,107.72,105.7,106.04
2022-03-27 20:00:00,106.04,106.38,105.28,106.1
2022-03-27 21:00:00,106.1,106.84,105.76,106.59
2022-03-27 22:00:00,106.56,107.3,106.51,106.89
2022-03-27 23:00:00,106.88,107.21,105.97,107.18
2022-03-28 00:00:00,107.17,112.0,107.04,111.16
2022-03-28 01:00:00,111.17,111.3,108.59,108.76
2022-03-28 02:00:00,108.75,109.3,108.24,108.93
2022-03-28 03:00:00,108.97,109.44,107.68,109.06
2022-03-28 04:00:00,109.06,110.37,108.9,110.29
2022-03-28 05:00:00,110.28,110.65,109.68,110.23
2022-03-28 06:00:00,110.24,111.7,109.75,110.1
2022-03-28 07:00:00,110.08,110.73,109.24,110.21
2022-03-28 08:00:00,110.22,111.99,109.32,111.96
2022-03-28 09:00:00,111.96,113.88,110.39,113.4
2022-03-28 10:00:00,113.46,113.58,109.8,109.92
2022-03-28 11:00:00,109.9,110.97,108.92,110.72
2022-03-28 12:00:00,110.7,111.74,109.65,111.31
2022-03-28 13:00:00,111.3,113.0,110.95,112.75
2022-03-28 14:00:00,112.76,112.84,110.85,111.44
2022-03-28 15:00:00,111.45,112.84,110.92,112.84
2022-03-28 16:00:00,112.83,113.1,109.4,110.44
2022-03-28 17:00:00,110.44,111.14,109.44,109.58
2022-03-28 18:00:00,109.55,110.01,105.5,105.8
2022-03-28 19:00:00,105.77,108.54,105.52,108.49
2022-03-28 20:00:00,108.5,110.28,107.79,109.76
2022-03-28 21:00:00,109.73,110.52,109.07,109.22
2022-03-28 22:00:00,109.22,109.63,108.44,109.19
2022-03-28 23:00:00,109.21,111.4,108.62,111.26
2022-03-29 00:00:00,111.25,111.77,110.22,110.59
2022-03-29 01:00:00,110.58,111.17,109.82,110.02
2022-03-29 02:00:00,110.01,111.28,109.36,109.96
2022-03-29 03:00:00,109.95,112.04,109.89,111.27
2022-03-29 04:00:00,111.27,112.14,110.88,111.58
2022-03-29 05:00:00,111.59,111.79,110.8,111.45
2022-03-29 06:00:00,111.45,113.72,111.21,113.41
2022-03-29 07:00:00,113.39,115.33,112.73,114.82
2022-03-29 08:00:00,114.84,115.73,113.36,114.15
2022-03-29 09:00:00,114.16,114.69,113.36,114.04
2022-03-29 10:00:00,114.04,114.54,111.31,111.68
2022-03-29 11:00:00,111.67,111.99,109.22,110.95
2022-03-29 12:00:00,110.95,111.59,108.95,110.44
2022-03-29 13:00:00,110.44,110.98,109.62,110.88
2022-03-29 14:00:00,110.89,114.17,110.73,113.94
2022-03-29 15:00:00,113.98,114.03,111.96,112.77
2022-03-29 16:00:00,112.77,113.8,110.66,111.19
2022-03-29 17:00:00,111.18,111.65,109.31,110.83
2022-03-29 18:00:00,110.83,112.0,110.18,111.67
2022-03-29 19:00:00,111.66,111.66,108.76,109.58
2022-03-29 20:00:00,109.58,109.58,107.15,108.25
2022-03-29 21:00:00,108.25,110.21,107.86,110.04
2022-03-29 22:00:00,110.04,110.8,109.85,110.8
2022-03-29 23:00:00,110.8,111.36,109.62,110.26
2022-03-30 00:00:00,110.25,112.69,109.93,112.0
2022-03-30 01:00:00,111.98,112.74,111.46,112.16
2022-03-30 02:00:00,112.15,112.97,111.65,112.34
2022-03-30 03:00:00,112.39,112.95,111.6,112.18
2022-03-30 04:00:00,112.16,112.28,110.76,111.15
2022-03-30 05:00:00,111.09,112.14,110.91,111.69
2022-03-30 06:00:00,111.7,112.78,111.16,112.24
2022-03-30 07:00:00,112.24,115.0,111.55,114.99
2022-03-30 08:00:00,114.98,116.88,113.66,115.71
2022-03-30 09:00:00,115.7,119.99,114.31,118.82
2022-03-30 10:00:00,118.87,125.25,118.5,122.65
2022-03-30 11:00:00,122.64,124.67,121.85,123.93
2022-03-30 12:00:00,123.95,125.12,122.32,123.64
2022-03-30 13:00:00,123.67,123.96,121.24,121.34
2022-03-30 14:00:00,121.33,122.35,119.66,121.17
2022-03-30 15:00:00,121.21,121.49,120.2,120.94
2022-03-30 16:00:00,120.93,120.98,119.54,120.22
2022-03-30 17:00:00,120.21,120.61,119.14,120.14
2022-03-30 18:00:00,120.12,121.45,119.46,120.85
2022-03-30 19:00:00,120.86,121.99,119.96,120.91
2022-03-30 20:00:00,120.88,123.98,120.76,123.57
2022-03-30 21:00:00,123.58,123.68,121.05,121.76
2022-03-30 22:00:00,121.74,122.28,120.66,121.27
2022-03-30 23:00:00,121.26,121.49,120.44,120.92
2022-03-31 00:00:00,120.93,122.27,120.56,121.79
2022-03-31 01:00:00,121.82,122.6,121.47,122.42
2022-03-31 02:00:00,122.45,123.65,122.0,123.34
2022-03-31 03:00:00,123.33,123.81,122.4,123.06
2022-03-31 04:00:00,123.07,125.0,122.89,124.35
2022-03-31 05:00:00,124.33,126.99,124.32,126.43
2022-03-31 06:00:00,126.42,128.0,125.88,127.27
2022-03-31 07:00:00,127.27,127.99,125.89,127.64
2022-03-31 08:00:00,127.65,129.0,125.0,125.11
2022-03-31 09:00:00,125.1,129.58,121.38,128.54
2022-03-31 10:00:00,128.55,129.37,124.8,125.31
2022-03-31 11:00:00,125.33,127.54,122.67,122.71
2022-03-31 12:00:00,122.76,125.17,122.57,122.99
2022-03-31 13:00:00,122.99,125.13,121.75,124.82
2022-03-31 14:00:00,124.87,124.94,122.6,122.97
2022-03-31 15:00:00,122.99,124.86,122.74,124.37
2022-03-31 16:00:00,124.36,125.61,124.0,124.44
2022-03-31 17:00:00,124.43,125.24,123.22,124.97
2022-03-31 18:00:00,124.93,125.05,122.27,122.81
2022-03-31 19:00:00,122.82,124.94,122.31,124.43
2022-03-31 20:00:00,124.38,124.38,121.22,121.48
2022-03-31 21:00:00,121.49,123.59,117.47,118.8
2022-03-31 22:00:00,118.76,122.26,118.33,122.0
2022-03-31 23:00:00,121.97,123.71,121.15,121.21
2022-04-01 00:00:00,121.21,122.05,120.61,120.67
2022-04-01 01:00:00,120.67,123.42,119.87,123.36
2022-04-01 02:00:00,123.37,126.52,122.81,126.52
2022-04-01 03:00:00,126.53,127.18,124.65,125.22
2022-04-01 04:00:00,125.26,126.61,124.44,124.85
2022-04-01 05:00:00,124.85,125.78,124.06,125.74
2022-04-01 06:00:00,125.73,126.02,124.28,124.41
2022-04-01 07:00:00,124.4,125.94,122.17,125.65
2022-04-01 08:00:00,125.65,129.8,125.65,128.5
2022-04-01 09:00:00,128.51,132.78,128.46,132.67
2022-04-01 10:00:00,132.65,133.74,131.59,132.82
2022-04-01 11:00:00,132.79,135.25,132.21,133.11
2022-04-01 12:00:00,133.08,135.53,132.65,135.45
2022-04-01 13:00:00,135.44,135.66,133.76,135.05
2022-04-01 14:00:00,135.04,137.62,134.73,137.51
2022-04-01 15:00:00,137.48,137.48,134.68,135.09
2022-04-01 16:00:00,135.09,137.93,135.09,137.78
2022-04-01 17:00:00,137.77,138.44,135.34,136.61
2022-04-01 18:00:00,136.6,136.91,133.45,134.58
2022-04-01 19:00:00,134.59,137.34,133.07,136.93
2022-04-01 20:00:00,136.9,137.12,134.71,136.7
2022-04-01 21:00:00,136.67,136.95,133.74,135.05
2022-04-01 22:00:00,135.04,135.54,134.3,134.81
2022-04-01 23:00:00,134.82,135.51,134.2,135.19
2022-04-02 00:00:00,135.23,135.31,134.21,135.16
2022-04-02 01:00:00,135.18,136.37,134.99,136.14
2022-04-02 02:00:00,136.13,136.33,134.85,135.85
2022-04-02 03:00:00,135.86,136.29,135.11,135.96
2022-04-02 04:00:00,135.95,136.32,135.11,136.28
2022-04-02 05:00:00,136.31,137.54,135.7,137.38
2022-04-02 06:00:00,137.39,138.49,136.64,137.72
2022-04-02 07:00:00,137.72,139.53,136.32,139.09
2022-04-02 08:00:00,139.04,143.5,138.94,141.68
2022-04-02 09:00:00,141.67,142.2,139.34,140.12
2022-04-02 10:00:00,140.15,140.19,135.72,137.98
2022-04-02 11:00:00,137.99,140.56,137.43,138.93
2022-04-02 12:00:00,138.91,139.69,136.97,137.5
2022-04-02 13:00:00,137.51,138.42,134.5,135.03
2022-04-02 14:00:00,135.0,138.3,134.9,135.93
2022-04-02 15:00:00,135.91,137.55,135.25,136.88
2022-04-02 16:00:00,136.91,137.5,135.59,136.46
2022-04-02 17:00:00,136.46,137.18,133.75,134.29
2022-04-02 18:00:00,134.27,134.87,131.57,132.57
2022-04-02 19:00:00,132.53,134.24,132.2,134.15
2022-04-02 20:00:00,134.04,134.04,130.61,133.23
2022-04-02 21:00:00,133.21,136.18,133.03,134.12
2022-04-02 22:00:00,134.1,136.25,133.88,135.48
2022-04-02 23:00:00,135.53,136.97,135.53,136.97
2022-04-03 00:00:00,136.97,138.97,136.6,138.59
2022-04-03 01:00:00,138.57,138.99,137.58,138.48
2022-04-03 02:00:00,138.49,138.77,136.65,137.62
2022-04-03 03:00:00,137.62,138.63,137.07,137.33
2022-04-03 04:00:00,137.4,141.16,136.33,139.88
2022-04-03 05:00:00,139.88,140.34,138.69,139.08
2022-04-03 06:00:00,139.11,139.74,137.82,139.19
2022-04-03 07:00:00,139.15,140.05,137.92,138.2
2022-04-03 08:00:00,138.2,139.06,137.41,137.46
2022-04-03 09:00:00,137.49,137.96,135.58,136.79
2022-04-03 10:00:00,136.8,137.64,135.83,136.1
2022-04-03 11:00:00,136.11,136.5,134.63,134.64
2022-04-03 12:00:00,134.64,135.91,134.17,135.84
2022-04-03 13:00:00,135.85,136.98,135.15,136.19
2022-04-03 14:00:00,136.14,136.57,135.03,135.31
2022-04-03 15:00:00,135.34,136.56,135.13,135.8
2022-04-03 16:00:00,135.79,137.7,135.58,137.65
2022-04-03 17:00:00,137.68,139.49,137.05,137.62
2022-04-03 18:00:00,137.6,137.71,135.63,136.94
2022-04-03 19:00:00,136.94,136.96,134.26,134.44
2022-04-03 20:00:00,134.47,135.96,134.12,135.75
2022-04-03 21:00:00,135.68,136.49,134.91,136.48
2022-04-03 22:00:00,136.48,137.41,135.31,135.36
2022-04-03 23:00:00,135.36,136.29,134.89,135.45
2022-04-04 00:00:00,135.5,136.63,135.09,136.04
2022-04-04 01:00:00,136.05,136.66,135.81,136.37
2022-04-04 02:00:00,136.38,138.3,135.88,136.99
2022-04-04 03:00:00,136.99,137.87,135.88,136.55
2022-04-04 04:00:00,136.54,136.93,135.07,135.39
2022-04-04 05:00:00,135.36,135.53,133.19,134.08
2022-04-04 06:00:00,134.05,135.34,133.68,134.8
2022-04-04 07:00:00,134.8,135.5,132.47,132.95
2022-04-04 08:00:00,132.94,133.4,131.08,132.91
2022-04-04 09:00:00,132.92,133.72,131.21,131.45
2022-04-04 10:00:00,131.42,131.84,128.35,129.32
2022-04-04 11:00:00,129.34,130.75,128.64,129.91
2022-04-04 12:00:00,129.98,130.24,125.77,127.52
2022-04-04 13:00:00,127.51,129.32,126.17,128.95
2022-04-04 14:00:00,128.94,131.57,128.91,130.13
2022-04-04 15:00:00,130.15,131.99,129.03,130.77
2022-04-04 16:00:00,130.82,131.5,130.25,131.41
2022-04-04 17:00:00,131.41,132.85,130.21,132.13
2022-04-04 18:00:00,132.17,133.1,131.98,132.15
2022-04-04 19:00:00,132.18,132.54,130.22,130.32
2022-04-04 20:00:00,130.31,132.0,129.76,131.78
2022-04-04 21:00:00,131.8,132.61,131.73,131.81
2022-04-04 22:00:00,131.81,133.97,131.81,133.35
2022-04-04 23:00:00,133.4,133.95,132.92,133.46
2022-04-05 00:00:00,133.46,134.26,132.66,132.97
2022-04-05 01:00:00,132.97,133.33,131.44,132.17
2022-04-05 02:00:00,132.21,133.79,132.04,133.37
2022-04-05 03:00:00,133.36,133.45,132.15,132.79
2022-04-05 04:00:00,132.81,133.47,131.71,131.96
2022-04-05 05:00:00,131.92,133.65,131.5,133.04
2022-04-05 06:00:00,133.05,134.91,132.77,134.54
2022-04-05 07:00:00,134.53,136.66,134.04,135.1
2022-04-05 08:00:00,135.08,135.63,132.28,132.87
2022-04-05 09:00:00,132.82,133.12,129.49,129.8
2022-04-05 10:00:00,129.7,132.38,129.26,131.51
2022-04-05 11:00:00,131.51,133.55,130.0,133.06
2022-04-05 12:00:00,133.05,133.64,131.63,132.11
2022-04-05 13:00:00,132.05,132.51,130.84,131.21
2022-04-05 14:00:00,131.14,131.94,129.22,131.18
2022-04-05 15:00:00,131.2,131.5,128.77,130.05
2022-04-05 16:00:00,130.05,130.22,129.11,129.87
2022-04-05 17:00:00,129.89,130.47,128.03,128.63
2022-04-05 18:00:00,128.63,128.75,126.09,126.88
2022-04-05 19:00:00,126.9,127.0,120.16,124.59
2022-04-05 20:00:00,124.57,125.59,124.28,125.05
2022-04-05 21:00:00,125.06,126.2,124.79,125.13
2022-04-05 22:00:00,125.14,125.18,123.35,123.75
2022-04-05 23:00:00,123.7,125.55,122.99,125.48
2022-04-06 00:00:00,125.47,126.91,125.42,126.66
2022-04-06 01:00:00,126.66,127.09,125.48,127.06
2022-04-06 02:00:00,127.08,127.41,125.32,125.58
2022-04-06 03:00:00,125.53,125.87,124.53,125.39
2022-04-06 04:00:00,125.4,125.59,123.54,124.57
2022-04-06 05:00:00,124.58,124.65,121.89,122.14
2022-04-06 06:00:00,122.15,122.7,119.34,121.66
2022-04-06 07:00:00,121.62,123.22,120.74,121.89
2022-04-06 08:00:00,121.9,123.13,118.63,119.16
2022-04-06 09:00:00,119.1,119.37,116.59,117.65
2022-04-06 10:00:00,117.61,118.1,114.63,117.64
2022-04-06 11:00:00,117.63,118.45,115.0,116.23
2022-04-06 12:00:00,116.19,118.32,114.59,117.47
2022-04-06 13:00:00,117.48,120.0,114.71,119.16
2022-04-06 14:00:00,119.25,119.75,117.52,118.85
2022-04-06 15:00:00,118.81,119.43,117.77,118.4
2022-04-06 16:00:00,118.4,119.59,117.25,117.25
2022-04-06 17:00:00,117.25,117.86,115.04,115.22
2022-04-06 18:00:00,115.23,116.3,112.12,112.96
2022-04-06 19:00:00,112.95,114.94,110.92,111.92
2022-04-06 20:00:00,111.95,114.72,111.82,114.59
2022-04-06 21:00:00,114.56,114.89,112.65,114.65
2022-04-06 22:00:00,114.7,114.93,112.81,113.8
2022-04-06 23:00:00,113.8,114.78,113.44,114.4
2022-04-07 00:00:00,114.39,114.79,113.08,114.22
2022-04-07 01:00:00,114.22,115.26,113.55,114.23
2022-04-07 02:00:00,114.22,116.45,114.06,116.04
2022-04-07 03:00:00,116.06,116.86,115.77,116.55
2022-04-07 04:00:00,116.53,116.53,113.79,115.35
2022-04-07 05:00:00,115.4,115.49,114.39,115.26
2022-04-07 06:00:00,115.27,117.69,114.56,117.49
2022-04-07 07:00:00,117.48,118.58,116.52,116.63
2022-04-07 08:00:00,116.63,117.31,114.78,117.11
2022-04-07 09:00:00,117.09,117.64,114.36,114.92
2022-04-07 10:00:00,114.89,115.6,111.75,113.29
2022-04-07 11:00:00,113.23,114.95,112.76,114.93
2022-04-07 12:00:00,114.93,116.24,114.69,115.83
2022-04-07 13:00:00,115.83,117.85,115.57,117.82
2022-04-07 14:00:00,117.8,118.58,116.91,117.72
2022-04-07 15:00:00,117.72,119.0,117.24,118.41
2022-04-07 16:00:00,118.41,118.61,116.76,117.38
2022-04-07 17:00:00,117.37,118.7,117.11,118.55
2022-04-07 18:00:00,118.57,119.97,118.21,118.51
2022-04-07 19:00:00,118.5,121.8,118.03,119.67
2022-04-07 20:00:00,119.67,121.74,119.43,120.96
2022-04-07 21:00:00,120.96,122.03,120.68,121.55
2022-04-07 22:00:00,121.48,122.41,121.41,122.07
2022-04-07 23:00:00,122.08,122.35,121.12,121.19
2022-04-08 00:00:00,121.22,121.85,120.66,121.4
2022-04-08 01:00:00,121.4,121.49,119.69,119.84
2022-04-08 02:00:00,119.86,119.88,116.74,119.19
2022-04-08 03:00:00,119.17,120.24,117.97,119.3
2022-04-08 04:00:00,119.3,119.82,118.6,118.97
2022-04-08 05:00:00,118.99,119.18,116.33,117.13
2022-04-08 06:00:00,117.11,117.15,114.93,115.31
2022-04-08 07:00:00,115.32,116.36,114.54,115.04
2022-04-08 08:00:00,115.07,115.46,112.25,113.87
2022-04-08 09:00:00,113.86,118.0,113.75,117.25
2022-04-08 10:00:00,117.22,118.5,116.33,116.52
2022-04-08 11:00:00,116.52,116.91,114.37,114.93
2022-04-08 12:00:00,114.96,115.2,113.39,114.45
2022-04-08 13:00:00,114.42,115.39,112.75,114.6
2022-04-08 14:00:00,114.59,115.25,112.96,113.62
2022-04-08 15:00:00,113.58,114.0,112.76,113.29
2022-04-08 16:00:00,113.2,113.73,111.59,111.82
2022-04-08 17:00:00,111.81,112.25,110.35,110.55
2022-04-08 18:00:00,110.55,110.81,108.14,109.95
2022-04-08 19:00:00,109.94,111.82,109.72,111.75
2022-04-08 20:00:00,111.73,111.8,109.36,110.66
2022-04-08 21:00:00,110.66,110.91,108.3,108.73
2022-04-08 22:00:00,108.76,109.92,108.44,109.39
2022-04-08 23:00:00,109.46,110.28,109.03,109.44
2022-04-09 00:00:00,109.48,111.2,109.45,111.05
2022-04-09 01:00:00,111.04,111.18,109.78,110.25
2022-04-09 02:00:00,110.25,110.87,109.94,110.69
2022-04-09 03:00:00,110.63,111.15,110.29,111.06
2022-04-09 04:00:00,111.1,111.17,110.37,110.56
2022-04-09 05:00:00,110.55,110.7,109.01,110.29
2022-04-09 06:00:00,110.32,110.73,109.84,110.54
2022-04-09 07:00:00,110.54,111.78,110.1,111.46
2022-04-09 08:00:00,111.47,114.5,110.92,111.49
2022-04-09 09:00:00,111.46,111.79,110.15,110.91
2022-04-09 10:00:00,110.9,110.98,109.37,109.59
2022-04-09 11:00:00,109.6,110.75,109.3,110.3
2022-04-09 12:00:00,110.31,111.58,110.01,110.89
2022-04-09 13:00:00,110.9,111.1,109.81,110.26
2022-04-09 14:00:00,110.26,110.72,107.92,109.82
2022-04-09 15:00:00,109.82,110.88,109.57,109.68
2022-04-09 16:00:00,109.66,110.68,109.6,110.29
2022-04-09 17:00:00,110.29,111.37,110.29,110.94
2022-04-09 18:00:00,110.91,113.67,110.72,112.96
2022-04-09 19:00:00,113.0,113.22,111.11,111.71
2022-04-09 20:00:00,111.72,112.69,111.38,112.65
2022-04-09 21:00:00,112.67,113.34,112.37,113.18
2022-04-09 22:00:00,113.19,113.98,113.0,113.44
2022-04-09 23:00:00,113.42,113.63,112.48,113.21
2022-04-10 00:00:00,113.22,113.61,111.78,111.78
2022-04-10 01:00:00,111.78,112.71,111.64,112.27
2022-04-10 02:00:00,112.28,112.46,111.43,111.62
2022-04-10 03:00:00,111.62,112.27,111.01,111.97
2022-04-10 04:00:00,111.97,112.11,109.9,110.34
2022-04-10 05:00:00,110.36,110.54,109.77,110.37
2022-04-10 06:00:00,110.36,111.23,110.33,111.08
2022-04-10 07:00:00,111.09,111.77,110.61,111.18
2022-04-10 08:00:00,111.18,111.46,110.52,110.83
2022-04-10 09:00:00,110.84,112.26,110.69,111.94
2022-04-10 10:00:00,111.94,112.68,111.83,112.44
2022-04-10 11:00:00,112.44,112.87,111.94,112.86
2022-04-10 12:00:00,112.87,114.94,112.87,114.76
2022-04-10 13:00:00,114.74,116.07,114.65,114.74
2022-04-10 14:00:00,114.76,115.06,114.29,114.57
2022-04-10 15:00:00,114.58,115.38,114.49,114.59
2022-04-10 16:00:00,114.58,114.93,112.75,112.81
2022-04-10 17:00:00,112.79,113.73,110.52,111.49
2022-04-10 18:00:00,111.48,112.78,110.6,111.08
2022-04-10 19:00:00,111.08,111.55,109.14,111.07
2022-04-10 20:00:00,111.03,111.94,110.72,110.91
2022-04-10 21:00:00,110.9,111.28,108.38,109.02
2022-04-10 22:00:00,109.02,110.04,108.48,110.02
2022-04-10 23:00:00,110.01,111.18,109.58,111.01
2022-04-11 00:00:00,111.02,111.33,110.47,110.75
2022-04-11 01:00:00,110.75,110.8,109.69,110.36
2022-04-11 02:00:00,110.36,111.35,109.89,111.13
2022-04-11 03:00:00,111.14,111.87,109.32,109.83
2022-04-11 04:00:00,109.75,109.81,104.62,104.74
2022-04-11 05:00:00,104.8,106.25,104.54,105.79
2022-04-11 06:00:00,105.74,105.86,103.39,103.95
2022-04-11 07:00:00,103.95,104.82,102.89,103.61
2022-04-11 08:00:00,103.61,103.84,101.5,103.07
2022-04-11 09:00:00,103.08,103.76,101.19,101.92
2022-04-11 10:00:00,101.92,102.93,101.38,101.42
2022-04-11 11:00:00,101.42,102.92,101.28,102.75
2022-04-11 12:00:00,102.76,103.85,102.1,102.85
2022-04-11 13:00:00,102.8,103.16,101.91,103.11
2022-04-11 14:00:00,103.09,103.34,100.45,101.37
2022-04-11 15:00:00,101.36,102.68,100.28,101.13
2022-04-11 16:00:00,101.13,101.72,98.14,98.58
2022-04-11 17:00:00,98.55,101.3,98.26,99.95
2022-04-11 18:00:00,99.93,100.55,99.01,99.66
2022-04-11 19:00:00,99.65,101.13,99.19,99.9
2022-04-11 20:00:00,99.92,100.89,99.58,99.93
2022-04-11 21:00:00,99.94,100.55,98.3,99.28
2022-04-11 22:00:00,99.25,99.69,98.75,99.69
2022-04-11 23:00:00,99.69,101.65,99.21,101.55
2022-04-12 00:00:00,101.53,102.98,101.1,102.83
2022-04-12 01:00:00,102.83,103.29,101.71,102.17
2022-04-12 02:00:00,102.16,103.06,101.76,103.05
2022-04-12 03:00:00,103.05,103.62,102.74,102.95
2022-04-12 04:00:00,102.94,103.45,102.17,103.21
2022-04-12 05:00:00,103.2,103.42,102.36,102.98
2022-04-12 06:00:00,102.97,105.7,102.9,105.55
2022-04-12 07:00:00,105.54,108.27,104.84,107.89
2022-04-12 08:00:00,107.89,109.33,107.37,108.03
2022-04-12 09:00:00,108.01,108.13,105.03,105.72
2022-04-12 10:00:00,105.69,107.4,105.53,106.0
2022-04-12 11:00:00,106.0,107.06,105.31,105.52
2022-04-12 12:00:00,105.51,105.8,103.35,103.58
2022-04-12 13:00:00,103.57,104.22,101.32,101.32
2022-04-12 14:00:00,101.37,102.59,100.34,100.99
2022-04-12 15:00:00,100.99,102.53,100.78,101.93
2022-04-12 16:00:00,101.93,103.22,101.84,103.02
2022-04-12 17:00:00,103.01,103.01,101.29,102.07
2022-04-12 18:00:00,102.06,103.64,101.92,103.24
2022-04-12 19:00:00,103.24,104.19,102.91,103.02
2022-04-12 20:00:00,103.03,103.34,101.9,103.32
2022-04-12 21:00:00,103.3,103.67,102.02,103.36
2022-04-12 22:00:00,103.37,105.07,103.15,103.67
2022-04-12 23:00:00,103.71,104.18,102.99,104.1
2022-04-13 00:00:00,104.11,104.73,103.71,104.68
2022-04-13 01:00:00,104.64,104.84,103.45,103.66
2022-04-13 02:00:00,103.63,104.29,103.16,103.97
2022-04-13 03:00:00,103.98,104.37,103.65,104.12
2022-04-13 04:00:00,104.14,104.3,102.68,103.04
2022-04-13 05:00:00,103.01,103.19,101.66,102.24
2022-04-13 06:00:00,102.26,102.81,101.03,101.09
2022-04-13 07:00:00,101.05,101.74,100.5,100.56
2022-04-13 08:00:00,100.56,104.39,100.09,103.99
2022-04-13 09:00:00,104.0,104.96,102.54,103.49
2022-04-13 10:00:00,103.49,106.05,103.38,105.16
2022-04-13 11:00:00,105.17,105.98,104.32,104.61
2022-04-13 12:00:00,104.61,104.82,103.62,104.06
2022-04-13 13:00:00,104.06,105.78,103.72,105.75
2022-04-13 14:00:00,105.77,105.78,103.9,104.0
2022-04-13 15:00:00,103.96,105.33,103.71,105.0
2022-04-13 16:00:00,105.05,105.16,104.05,104.59
2022-04-13 17:00:00,104.55,105.4,104.06,105.3
2022-04-13 18:00:00,105.3,105.47,104.53,104.95
2022-04-13 19:00:00,104.93,105.53,104.55,105.08
2022-04-13 20:00:00,105.1,107.32,104.97,107.15
2022-04-13 21:00:00,107.13,107.19,106.14,106.33
2022-04-13 22:00:00,106.32,106.57,105.46,105.62
2022-04-13 23:00:00,105.63,107.71,105.63,106.73
2022-04-14 00:00:00,106.72,107.28,106.31,106.63
2022-04-14 01:00:00,106.65,106.74,106.0,106.29
2022-04-14 02:00:00,106.31,107.13,105.61,106.44
2022-04-14 03:00:00,106.44,107.28,106.07,106.15
2022-04-14 04:00:00,106.12,106.4,104.83,105.74
2022-04-14 05:00:00,105.74,105.79,104.16,104.19
2022-04-14 06:00:00,104.18,104.77,103.28,103.67
2022-04-14 07:00:00,103.68,105.37,103.37,104.98
2022-04-14 08:00:00,104.99,105.8,102.79,103.05
2022-04-14 09:00:00,103.05,103.64,102.33,102.8
2022-04-14 10:00:00,102.79,103.14,101.16,101.39
2022-04-14 11:00:00,101.39,102.0,99.28,99.99
2022-04-14 12:00:00,99.99,100.85,99.66,100.79
2022-04-14 13:00:00,100.78,100.93,98.85,99.04
2022-04-14 14:00:00,99.06,99.93,98.77,99.6
2022-04-14 15:00:00,99.57,100.21,99.1,100.17
2022-04-14 16:00:00,100.2,100.92,99.98,100.75
2022-04-14 17:00:00,100.75,101.28,100.29,100.55
2022-04-14 18:00:00,100.51,100.94,100.42,100.78
2022-04-14 19:00:00,100.79,101.7,99.53,100.3
2022-04-14 20:00:00,100.28,100.88,100.1,100.61
2022-04-14 21:00:00,100.61,101.02,100.34,100.71
2022-04-14 22:00:00,100.71,102.09,100.7,102.05
2022-04-14 23:00:00,102.04,102.5,101.42,101.6
2022-04-15 00:00:00,101.59,102.47,101.42,101.99
2022-04-15 01:00:00,102.0,102.22,100.8,101.45
2022-04-15 02:00:00,101.46,102.25,100.55,101.82
2022-04-15 03:00:00,101.82,102.01,101.01,101.32
2022-04-15 04:00:00,101.34,101.55,100.88,101.42
2022-04-15 05:00:00,101.43,102.03,101.22,101.72
2022-04-15 06:00:00,101.74,102.11,101.44,101.74
2022-04-15 07:00:00,101.73,102.0,101.13,101.48
2022-04-15 08:00:00,101.49,101.72,100.37,100.63
2022-04-15 09:00:00,100.59,102.39,99.85,101.55
2022-04-15 10:00:00,101.6,102.92,101.41,102.33
2022-04-15 11:00:00,102.35,102.56,101.35,102.08
2022-04-15 12:00:00,102.09,102.81,101.94,102.29
2022-04-15 13:00:00,102.27,102.52,101.61,101.69
2022-04-15 14:00:00,101.68,101.79,100.2,100.41
2022-04-15 15:00:00,100.41,101.13,100.35,101.09
2022-04-15 16:00:00,101.08,101.18,100.88,101.13
2022-04-15 17:00:00,101.14,101.2,100.58,101.03
2022-04-15 18:00:00,101.04,101.42,100.86,101.32
2022-04-15 19:00:00,101.39,101.79,100.92,101.7
2022-04-15 20:00:00,101.7,102.08,101.37,101.91
2022-04-15 21:00:00,101.9,101.96,101.43,101.59
2022-04-15 22:00:00,101.58,101.59,101.0,101.08
2022-04-15 23:00:00,101.03,101.89,101.01,101.84
2022-04-16 00:00:00,101.85,101.94,101.37,101.64
2022-04-16 01:00:00,101.62,101.7,101.27,101.41
2022-04-16 02:00:00,101.41,101.59,101.3,101.5
2022-04-16 03:00:00,101.49,101.79,101.13,101.43
2022-04-16 04:00:00,101.42,101.59,101.27,101.47
2022-04-16 05:00:00,101.48,102.75,101.47,102.28
2022-04-16 06:00:00,102.28,102.72,101.68,101.92
2022-04-16 07:00:00,101.91,102.6,101.7,102.5
2022-04-16 08:00:00,102.5,102.55,102.0,102.42
2022-04-16 09:00:00,102.41,103.05,102.11,102.88
2022-04-16 10:00:00,102.9,103.5,100.78,101.0
2022-04-16 11:00:00,100.98,101.9,100.77,101.82
2022-04-16 12:00:00,101.81,101.94,101.33,101.5
2022-04-16 13:00:00,101.46,102.02,101.41,101.98
2022-04-16 14:00:00,102.0,102.71,101.9,101.99
2022-04-16 15:00:00,101.99,102.49,101.88,102.12
2022-04-16 16:00:00,102.16,102.51,101.76,102.13
2022-04-16 17:00:00,102.18,102.9,102.04,102.13
2022-04-16 18:00:00,102.14,102.69,102.01,102.11
2022-04-16 19:00:00,102.09,102.28,101.79,101.94
2022-04-16 20:00:00,101.94,102.35,101.81,102.22
2022-04-16 21:00:00,102.22,102.28,101.05,101.28
2022-04-16 22:00:00,101.25,101.72,101.09,101.52
2022-04-16 23:00:00,101.51,101.9,101.44,101.58
2022-04-17 00:00:00,101.51,102.25,101.35,101.97
2022-04-17 01:00:00,101.98,102.18,101.8,102.11
2022-04-17 02:00:00,102.11,102.2,101.66,101.91
2022-04-17 03:00:00,101.91,102.19,101.84,102.02
2022-04-17 04:00:00,102.03,102.49,101.92,102.04
2022-04-17 05:00:00,102.02,102.3,102.02,102.21
2022-04-17 06:00:00,102.22,102.5,101.91,102.46
2022-04-17 07:00:00,102.46,102.79,102.36,102.67
2022-04-17 08:00:00,102.65,104.56,102.47,103.6
2022-04-17 09:00:00,103.6,104.64,103.32,104.52
2022-04-17 10:00:00,104.52,105.28,104.11,105.14
2022-04-17 11:00:00,105.14,105.46,104.43,104.53
2022-04-17 12:00:00,104.52,104.96,103.53,103.85
2022-04-17 13:00:00,103.79,103.91,102.8,103.08
2022-04-17 14:00:00,103.07,104.61,102.91,104.08
2022-04-17 15:00:00,104.1,104.29,103.11,103.2
2022-04-17 16:00:00,103.2,103.29,102.16,102.78
2022-04-17 17:00:00,102.78,103.18,101.8,102.03
2022-04-17 18:00:00,102.03,102.03,99.64,100.19
2022-04-17 19:00:00,100.17,101.01,99.91,100.5
2022-04-17 20:00:00,100.48,100.99,100.31,100.7
2022-04-17 21:00:00,100.71,101.52,100.64,101.35
2022-04-17 22:00:00,101.35,101.76,101.04,101.21
2022-04-17 23:00:00,101.22,101.32,95.35,95.54
2022-04-18 00:00:00,95.53,97.24,95.08,96.95
2022-04-18 01:00:00,96.94,97.75,96.86,97.04
2022-04-18 02:00:00,97.03,97.25,95.53,96.47
2022-04-18 03:00:00,96.5,96.83,95.39,95.5
2022-04-18 04:00:00,95.5,96.85,94.7,96.79
2022-04-18 05:00:00,96.77,97.06,96.39,96.46
2022-04-18 06:00:00,96.44,97.3,96.44,96.84
2022-04-18 07:00:00,96.84,98.78,96.81,98.49
2022-04-18 08:00:00,98.48,99.16,97.76,98.1
2022-04-18 09:00:00,98.1,99.2,97.93,98.89
2022-04-18 10:00:00,98.88,99.11,97.94,98.65
2022-04-18 11:00:00,98.68,99.3,97.14,98.75
2022-04-18 12:00:00,98.77,101.19,98.69,101.08
2022-04-18 13:00:00,101.06,102.39,101.01,101.52
2022-04-18 14:00:00,101.52,101.71,100.5,101.2
2022-04-18 15:00:00,101.21,101.83,101.04,101.33
2022-04-18 16:00:00,101.34,102.39,101.32,101.74
2022-04-18 17:00:00,101.75,102.66,101.31,102.49
2022-04-18 18:00:00,102.46,102.59,101.7,102.39
2022-04-18 19:00:00,102.39,103.75,102.24,103.75
2022-04-18 20:00:00,103.74,103.79,102.13,102.36
2022-04-18 21:00:00,102.37,102.55,101.33,101.49
2022-04-18 22:00:00,101.49,102.03,101.25,101.44
2022-04-18 23:00:00,101.44,102.7,101.08,102.55
2022-04-19 00:00:00,102.56,102.59,101.5,101.5
2022-04-19 01:00:00,101.5,102.32,101.45,101.96
2022-04-19 02:00:00,101.95,102.24,101.36,101.87
2022-04-19 03:00:00,101.87,102.55,101.78,102.23
2022-04-19 04:00:00,102.19,102.49,101.5,101.58
2022-04-19 05:00:00,101.57,102.57,101.53,102.52
2022-04-19 06:00:00,102.51,103.57,102.38,102.38
2022-04-19 07:00:00,102.38,103.74,102.29,103.7
2022-04-19 08:00:00,103.69,106.38,103.23,106.33
2022-04-19 09:00:00,106.33,107.46,106.1,106.76
2022-04-19 10:00:00,106.75,108.57,106.03,106.52
2022-04-19 11:00:00,106.49,106.78,105.43,105.94
2022-04-19 12:00:00,105.93,106.51,105.34,106.28
2022-04-19 13:00:00,106.28,106.41,105.85,106.21
2022-04-19 14:00:00,106.2,107.22,106.07,106.95
2022-04-19 15:00:00,106.91,108.28,105.79,108.28
2022-04-19 16:00:00,108.28,108.3,106.88,107.1
2022-04-19 17:00:00,107.1,108.76,106.81,107.89
2022-04-19 18:00:00,107.89,108.83,107.81,108.56
2022-04-19 19:00:00,108.53,109.5,107.21,107.88
2022-04-19 20:00:00,107.86,108.32,107.07,108.24
2022-04-19 21:00:00,108.21,108.86,107.89,108.28
2022-04-19 22:00:00,108.3,108.84,107.93,108.31
2022-04-19 23:00:00,108.3,108.62,107.45,107.7
2022-04-20 00:00:00,107.7,108.33,107.42,108.0
2022-04-20 01:00:00,108.01,108.23,107.43,107.98
2022-04-20 02:00:00,108.0,108.5,106.73,107.03
2022-04-20 03:00:00,107.03,107.75,106.64,107.64
2022-04-20 04:00:00,107.64,108.83,107.43,108.52
2022-04-20 05:00:00,108.52,110.02,108.1,110.02
2022-04-20 06:00:00,110.01,110.94,109.32,110.47
2022-04-20 07:00:00,110.48,110.77,109.41,110.02
2022-04-20 08:00:00,110.01,110.37,107.5,108.39
2022-04-20 09:00:00,108.38,108.49,106.8,106.91
2022-04-20 10:00:00,106.91,106.97,104.64,105.75
2022-04-20 11:00:00,105.76,106.59,104.83,106.49
2022-04-20 12:00:00,106.5,106.69,105.92,106.48
2022-04-20 13:00:00,106.47,106.47,104.22,104.84
2022-04-20 14:00:00,104.84,106.25,104.72,106.04
2022-04-20 15:00:00,106.06,107.51,105.69,107.11
2022-04-20 16:00:00,107.11,107.61,106.72,107.14
2022-04-20 17:00:00,107.15,107.58,106.5,106.5
2022-04-20 18:00:00,106.5,106.63,105.05,105.61
2022-04-20 19:00:00,105.58,106.94,105.42,106.54
2022-04-20 20:00:00,106.54,107.06,106.05,106.96
2022-04-20 21:00:00,106.94,107.2,106.35,106.55
2022-04-20 22:00:00,106.56,107.08,106.14,107.08
2022-04-20 23:00:00,107.09,107.66,106.46,106.95
2022-04-21 00:00:00,106.96,107.27,105.71,105.9
2022-04-21 01:00:00,105.9,106.61,105.51,106.1
2022-04-21 02:00:00,106.11,107.36,105.36,106.84
2022-04-21 03:00:00,106.89,107.55,106.51,107.31
2022-04-21 04:00:00,107.31,107.37,105.8,106.33
2022-04-21 05:00:00,106.32,108.55,106.16,108.13
2022-04-21 06:00:00,108.14,109.08,108.1,108.42
2022-04-21 07:00:00,108.45,109.29,107.68,108.81
2022-04-21 08:00:00,108.82,109.99,108.3,108.53
2022-04-21 09:00:00,108.58,109.81,107.82,109.14
2022-04-21 10:00:00,109.13,109.47,107.69,107.81
2022-04-21 11:00:00,107.8,107.8,106.38,106.45
2022-04-21 12:00:00,106.41,107.09,105.39,106.17
2022-04-21 13:00:00,106.15,106.66,105.56,105.85
2022-04-21 14:00:00,105.88,105.89,104.28,104.31
2022-04-21 15:00:00,104.31,104.35,101.87,102.51
2022-04-21 16:00:00,102.45,103.01,101.7,101.79
2022-04-21 17:00:00,101.77,102.03,99.7,101.54
2022-04-21 18:00:00,101.51,101.93,101.26,101.77
2022-04-21 19:00:00,101.78,103.15,101.44,102.56
2022-04-21 20:00:00,102.6,102.84,101.86,102.35
2022-04-21 21:00:00,102.39,102.93,102.28,102.56
2022-04-21 22:00:00,102.51,102.74,102.21,102.54
2022-04-21 23:00:00,102.54,103.29,102.52,103.24
2022-04-22 00:00:00,103.24,103.45,103.0,103.11
2022-04-22 01:00:00,103.1,103.57,103.01,103.12
2022-04-22 02:00:00,103.09,103.24,101.35,102.64
2022-04-22 03:00:00,102.66,102.98,101.58,101.78
2022-04-22 04:00:00,101.78,101.9,100.46,100.74
2022-04-22 05:00:00,100.73,101.88,100.15,101.86
2022-04-22 06:00:00,101.85,102.27,101.55,102.2
2022-04-22 07:00:00,102.21,102.49,101.33,101.91
2022-04-22 08:00:00,101.92,102.8,100.76,100.87
2022-04-22 09:00:00,100.88,101.61,99.8,100.3
2022-04-22 10:00:00,100.3,101.37,99.41,99.71
2022-04-22 11:00:00,99.71,100.98,99.24,100.21
2022-04-22 12:00:00,100.2,101.1,100.02,100.23
2022-04-22 13:00:00,100.21,101.42,99.91,101.25
2022-04-22 14:00:00,101.27,101.99,100.72,100.92
2022-04-22 15:00:00,100.91,101.64,100.72,101.63
2022-04-22 16:00:00,101.62,101.73,100.71,100.99
2022-04-22 17:00:00,101.0,101.09,100.02,100.77
2022-04-22 18:00:00,100.78,101.1,100.37,100.56
2022-04-22 19:00:00,100.56,101.05,99.77,99.89
2022-04-22 20:00:00,99.9,100.64,99.89,100.39
2022-04-22 21:00:00,100.41,100.41,99.45,99.81
2022-04-22 22:00:00,99.82,99.99,99.29,99.88
2022-04-22 23:00:00,99.87,100.23,98.36,99.81
2022-04-23 00:00:00,99.81,100.59,99.66,100.24
2022-04-23 01:00:00,100.25,100.76,100.08,100.62
2022-04-23 02:00:00,100.6,101.28,100.54,101.22
2022-04-23 03:00:00,101.22,101.99,100.72,101.99
2022-04-23 04:00:00,101.99,102.05,101.3,101.53
2022-04-23 05:00:00,101.52,101.82,101.15,101.75
2022-04-23 06:00:00,101.75,101.95,101.28,101.57
2022-04-23 07:00:00,101.58,101.99,100.85,101.82
2022-04-23 08:00:00,101.83,102.56,101.83,102.02
2022-04-23 09:00:00,102.02,102.36,101.66,101.86
2022-04-23 10:00:00,101.83,102.23,101.47,102.18
2022-04-23 11:00:00,102.18,102.93,101.76,102.5
2022-04-23 12:00:00,102.5,102.55,101.91,102.54
2022-04-23 13:00:00,102.55,102.78,101.82,101.82
2022-04-23 14:00:00,101.82,102.17,101.41,102.08
2022-04-23 15:00:00,102.1,102.49,101.72,102.32
2022-04-23 16:00:00,102.33,102.45,101.96,102.23
2022-04-23 17:00:00,102.22,102.22,101.28,101.42
2022-04-23 18:00:00,101.41,101.65,100.27,100.64
2022-04-23 19:00:00,100.64,101.17,100.58,100.82
2022-04-23 20:00:00,100.79,101.4,100.37,100.4
2022-04-23 21:00:00,100.4,101.16,100.21,100.75
2022-04-23 22:00:00,100.74,101.62,100.64,101.3
2022-04-23 23:00:00,101.32,101.88,101.32,101.39
2022-04-24 00:00:00,101.39,101.61,101.21,101.52
2022-04-24 01:00:00,101.54,102.0,101.54,101.73
2022-04-24 02:00:00,101.76,101.97,101.55,101.79
2022-04-24 03:00:00,101.81,101.94,101.61,101.65
2022-04-24 04:00:00,101.64,102.29,101.36,101.94
2022-04-24 05:00:00,101.96,102.1,101.54,101.78
2022-04-24 06:00:00,101.76,101.95,100.85,101.15
2022-04-24 07:00:00,101.13,101.34,100.49,100.98
2022-04-24 08:00:00,101.02,101.31,100.42,101.31
2022-04-24 09:00:00,101.3,101.57,99.91,100.87
2022-04-24 10:00:00,100.88,101.09,99.91,100.11
2022-04-24 11:00:00,100.13,100.24,98.58,99.61
2022-04-24 12:00:00,99.61,99.7,98.76,99.27
2022-04-24 13:00:00,99.28,100.62,99.24,100.59
2022-04-24 14:00:00,100.56,101.25,100.35,100.5
2022-04-24 15:00:00,100.51,100.72,99.76,99.98
2022-04-24 16:00:00,99.94,100.44,99.75,100.03
2022-04-24 17:00:00,100.07,100.48,99.37,99.55
2022-04-24 18:00:00,99.56,99.64,99.03,99.24
2022-04-24 19:00:00,99.24,99.45,96.33,96.92
2022-04-24 20:00:00,96.95,97.61,96.24,97.41
2022-04-24 21:00:00,97.41,97.64,96.76,97.31
2022-04-24 22:00:00,97.3,98.18,97.26,98.07
2022-04-24 23:00:00,98.07,98.16,97.76,97.88
2022-04-25 00:00:00,97.9,98.31,97.16,97.23
2022-04-25 01:00:00,97.23,97.42,95.59,95.79
2022-04-25 02:00:00,95.81,95.95,94.38,95.16
2022-04-25 03:00:00,95.13,95.75,94.8,94.88
2022-04-25 04:00:00,94.86,95.61,94.5,95.54
2022-04-25 05:00:00,95.52,95.77,95.15,95.36
2022-04-25 06:00:00,95.38,96.96,94.96,96.78
2022-04-25 07:00:00,96.78,97.58,96.53,96.78
2022-04-25 08:00:00,96.77,97.85,95.92,96.62
2022-04-25 09:00:00,96.61,98.24,96.26,97.26
2022-04-25 10:00:00,97.25,98.01,96.77,96.97
2022-04-25 11:00:00,96.96,99.14,96.84,98.6
2022-04-25 12:00:00,98.58,99.29,98.42,98.84
2022-04-25 13:00:00,98.84,100.5,98.44,99.75
2022-04-25 14:00:00,99.77,100.78,99.28,100.68
2022-04-25 15:00:00,100.7,100.88,99.86,100.15
2022-04-25 16:00:00,100.17,100.34,99.82,100.2
2022-04-25 17:00:00,100.2,100.99,99.97,100.72
2022-04-25 18:00:00,100.73,101.58,100.6,100.98
2022-04-25 19:00:00,101.0,101.98,100.76,101.31
2022-04-25 20:00:00,101.32,101.47,100.75,100.81
2022-04-25 21:00:00,100.82,100.98,100.25,100.72
2022-04-25 22:00:00,100.71,101.16,100.68,101.01
2022-04-25 23:00:00,101.02,101.53,100.87,100.94
2022-04-26 00:00:00,100.94,101.44,100.9,101.25
2022-04-26 01:00:00,101.26,101.36,100.47,100.64
2022-04-26 02:00:00,100.65,101.26,100.16,100.87
2022-04-26 03:00:00,100.87,101.61,100.68,100.88
2022-04-26 04:00:00,100.89,100.99,100.29,100.53
2022-04-26 05:00:00,100.55,100.6,100.16,100.2
2022-04-26 06:00:00,100.19,100.69,99.73,100.52
2022-04-26 07:00:00,100.5,101.09,99.9,100.31
2022-04-26 08:00:00,100.32,100.54,97.95,98.01
2022-04-26 09:00:00,98.01,98.57,97.11,97.35
2022-04-26 10:00:00,97.33,97.88,96.4,96.55
2022-04-26 11:00:00,96.53,97.75,96.0,97.63
2022-04-26 12:00:00,97.63,97.64,96.17,97.53
2022-04-26 13:00:00,97.5,97.72,96.6,97.49
2022-04-26 14:00:00,97.49,97.7,95.65,96.58
2022-04-26 15:00:00,96.58,97.17,95.5,96.72
2022-04-26 16:00:00,96.73,97.48,96.5,97.25
2022-04-26 17:00:00,97.26,97.45,96.3,96.37
2022-04-26 18:00:00,96.36,96.5,94.6,95.7
2022-04-26 19:00:00,95.7,96.31,94.87,95.87
2022-04-26 20:00:00,95.86,96.51,95.8,96.28
2022-04-26 21:00:00,96.29,97.19,96.08,97.13
2022-04-26 22:00:00,97.13,97.18,96.56,96.8
2022-04-26 23:00:00,96.77,97.24,96.62,97.01
2022-04-27 00:00:00,97.01,97.88,97.01,97.25
2022-04-27 01:00:00,97.25,98.5,97.25,98.44
2022-04-27 02:00:00,98.45,99.55,98.07,99.55
2022-04-27 03:00:00,99.55,100.0,98.44,99.26
2022-04-27 04:00:00,99.26,99.96,98.83,99.74
2022-04-27 05:00:00,99.75,100.12,99.4,99.94
2022-04-27 06:00:00,99.95,99.95,98.08,99.2
2022-04-27 07:00:00,99.22,99.56,98.3,98.34
2022-04-27 08:00:00,98.35,100.76,98.06,99.74
2022-04-27 09:00:00,99.77,99.98,96.86,97.59
2022-04-27 10:00:00,97.59,98.58,97.37,98.17
2022-04-27 11:00:00,98.16,99.0,97.92,98.26
2022-04-27 12:00:00,98.34,98.43,97.55,98.27
2022-04-27 13:00:00,98.27,98.51,97.29,97.46
2022-04-27 14:00:00,97.46,97.77,96.85,97.43
2022-04-27 15:00:00,97.42,98.4,97.2,98.02
2022-04-27 16:00:00,98.06,98.93,97.94,98.43
2022-04-27 17:00:00,98.44,98.77,97.92,97.96
2022-04-27 18:00:00,97.95,98.59,97.88,98.37
2022-04-27 19:00:00,98.37,99.23,97.99,99.04
2022-04-27 20:00:00,99.04,99.9,98.62,98.84
2022-04-27 21:00:00,98.84,99.58,98.69,99.4
2022-04-27 22:00:00,99.4,99.78,99.12,99.16
2022-04-27 23:00:00,99.17,99.76,99.06,99.69
2022-04-28 00:00:00,99.68,99.94,98.71,98.96
2022-04-28 01:00:00,98.93,99.35,98.58,99.28
2022-04-28 02:00:00,99.26,100.0,99.1,99.5
2022-04-28 03:00:00,99.49,100.54,98.99,99.89
2022-04-28 04:00:00,99.89,100.5,99.87,100.45
2022-04-28 05:00:00,100.45,100.5,99.68,100.04
2022-04-28 06:00:00,100.04,100.18,99.71,99.85
2022-04-28 07:00:00,99.85,100.06,98.2,98.47
2022-04-28 08:00:00,98.47,98.64,96.96,97.26
2022-04-28 09:00:00,97.26,97.87,96.34,97.61
2022-04-28 10:00:00,97.64,99.32,96.65,97.49
2022-04-28 11:00:00,97.47,99.05,96.89,98.78
2022-04-28 12:00:00,98.77,100.08,98.37,100.05
2022-04-28 13:00:00,100.05,100.18,98.91,99.02
2022-04-28 14:00:00,99.02,99.65,98.46,98.77
2022-04-28 15:00:00,98.77,99.11,98.07,98.41
2022-04-28 16:00:00,98.4,98.66,97.62,98.06
2022-04-28 17:00:00,98.09,98.36,97.3,97.9
2022-04-28 18:00:00,97.91,98.32,97.68,98.23
2022-04-28 19:00:00,98.22,98.61,97.89,98.5
2022-04-28 20:00:00,98.52,98.77,98.02,98.46
2022-04-28 21:00:00,98.46,98.46,96.97,97.36
2022-04-28 22:00:00,97.38,97.69,97.08,97.23
2022-04-28 23:00:00,97.23,97.68,96.76,97.48
2022-04-29 00:00:00,97.47,97.95,97.46,97.55
2022-04-29 01:00:00,97.55,97.79,97.12,97.58
2022-04-29 02:00:00,97.62,98.02,97.37,97.82
2022-04-29 03:00:00,97.81,98.0,97.23,97.33
2022-04-29 04:00:00,97.32,97.32,96.21,96.39
2022-04-29 05:00:00,96.39,96.9,95.38,95.89
2022-04-29 06:00:00,95.87,96.06,95.09,95.6
2022-04-29 07:00:00,95.61,96.44,95.21,95.78
2022-04-29 08:00:00,95.78,97.02,95.45,96.79
2022-04-29 09:00:00,96.77,96.97,95.71,96.21
2022-04-29 10:00:00,96.2,96.7,95.88,96.18
2022-04-29 11:00:00,96.17,96.34,94.67,94.91
2022-04-29 12:00:00,94.92,95.3,94.16,94.92
2022-04-29 13:00:00,94.96,95.08,93.22,93.85
2022-04-29 14:00:00,93.83,94.05,92.34,92.92
2022-04-29 15:00:00,92.91,93.73,92.61,93.68
2022-04-29 16:00:00,93.69,94.47,93.46,93.81
2022-04-29 17:00:00,93.81,94.15,93.22,94.03
2022-04-29 18:00:00,94.07,94.3,93.64,93.95
2022-04-29 19:00:00,93.95,94.67,93.71,94.49
2022-04-29 20:00:00,94.5,94.78,94.31,94.71
2022-04-29 21:00:00,94.72,94.94,94.1,94.31
2022-04-29 22:00:00,94.34,94.4,93.79,94.09
2022-04-29 23:00:00,94.11,94.34,93.69,94.02
2022-04-30 00:00:00,94.02,94.93,93.85,94.77
2022-04-30 01:00:00,94.8,94.84,94.4,94.69
2022-04-30 02:00:00,94.7,94.78,93.97,94.03
2022-04-30 03:00:00,94.03,94.32,93.56,94.01
2022-04-30 04:00:00,94.01,94.09,93.74,94.03
2022-04-30 05:00:00,94.03,94.52,93.83,93.87
2022-04-30 06:00:00,93.86,94.15,93.81,93.89
2022-04-30 07:00:00,93.89,94.2,93.5,93.54
2022-04-30 08:00:00,93.54,94.04,92.83,93.13
2022-04-30 09:00:00,93.13,93.6,91.52,91.85
2022-04-30 10:00:00,91.85,92.75,91.57,92.24
2022-04-30 11:00:00,92.24,92.57,91.38,91.52
2022-04-30 12:00:00,91.53,91.56,90.33,90.55
2022-04-30 13:00:00,90.55,91.14,90.45,91.05
2022-04-30 14:00:00,91.05,91.76,90.67,91.58
2022-04-30 15:00:00,91.57,91.57,90.61,90.67
2022-04-30 16:00:00,90.68,90.94,90.0,90.01
2022-04-30 17:00:00,90.0,90.01,85.27,85.37
2022-04-30 18:00:00,85.37,86.18,81.94,84.67
2022-04-30 19:00:00,84.65,86.14,84.17,85.29
2022-04-30 20:00:00,85.29,86.96,84.37,86.54
2022-04-30 21:00:00,86.57,86.9,85.58,85.69
2022-04-30 22:00:00,85.68,88.47,85.63,88.06
2022-04-30 23:00:00,88.07,88.14,87.11,87.87
2022-05-01 00:00:00,87.88,89.88,87.73,89.3
2022-05-01 01:00:00,89.3,89.81,88.78,88.92
2022-05-01 02:00:00,88.93,89.21,88.59,88.91
2022-05-01 03:00:00,88.92,89.93,88.77,89.63
2022-05-01 04:00:00,89.64,89.85,88.78,89.01
2022-05-01 05:00:00,89.04,89.42,88.61,88.71
2022-05-01 06:00:00,88.71,88.75,87.76,88.24
2022-05-01 07:00:00,88.24,88.88,87.4,88.56
2022-05-01 08:00:00,88.56,89.22,87.88,87.98
2022-05-01 09:00:00,87.98,88.05,87.06,87.47
2022-05-01 10:00:00,87.48,90.36,87.48,90.05
2022-05-01 11:00:00,90.05,93.11,89.84,90.73
2022-05-01 12:00:00,90.72,91.34,89.77,89.86
2022-05-01 13:00:00,89.86,89.97,87.7,87.76
2022-05-01 14:00:00,87.73,88.23,87.1,88.02
2022-05-01 15:00:00,88.01,89.25,87.77,89.12
2022-05-01 16:00:00,89.13,89.41,88.15,88.88
2022-05-01 17:00:00,88.9,89.59,88.47,89.12
2022-05-01 18:00:00,89.12,90.47,88.89,89.68
2022-05-01 19:00:00,89.68,90.88,89.49,90.22
2022-05-01 20:00:00,90.24,90.61,89.58,89.62
2022-05-01 21:00:00,89.61,89.66,88.69,89.58
2022-05-01 22:00:00,89.57,90.0,89.27,89.34
2022-05-01 23:00:00,89.35,90.32,89.06,90.12
2022-05-02 00:00:00,90.13,90.38,89.6,90.35
2022-05-02 01:00:00,90.35,90.8,90.08,90.18
2022-05-02 02:00:00,90.18,90.59,89.62,89.79
2022-05-02 03:00:00,89.81,90.02,88.27,88.81
2022-05-02 04:00:00,88.79,89.38,87.82,87.9
2022-05-02 05:00:00,87.9,88.13,87.16,87.76
2022-05-02 06:00:00,87.77,87.91,86.3,86.79
2022-05-02 07:00:00,86.78,87.68,86.6,87.06
2022-05-02 08:00:00,87.04,88.52,86.24,87.86
2022-05-02 09:00:00,87.85,88.94,86.97,88.26
2022-05-02 10:00:00,88.28,88.48,87.12,87.74
2022-05-02 11:00:00,87.73,87.95,86.51,86.61
2022-05-02 12:00:00,86.59,86.59,85.07,85.69
2022-05-02 13:00:00,85.69,86.14,85.11,85.89
2022-05-02 14:00:00,85.89,87.49,85.65,87.25
2022-05-02 15:00:00,87.28,87.38,86.3,86.44
2022-05-02 16:00:00,86.48,87.95,86.36,87.83
2022-05-02 17:00:00,87.83,88.49,87.47,87.54
2022-05-02 18:00:00,87.56,88.35,87.32,87.49
2022-05-02 19:00:00,87.49,87.78,86.91,87.02
2022-05-02 20:00:00,87.01,88.15,86.72,88.13
2022-05-02 21:00:00,88.14,88.42,87.53,87.83
2022-05-02 22:00:00,87.82,88.65,87.75,88.65
2022-05-02 23:00:00,88.63,88.79,88.08,88.37
2022-05-03 00:00:00,88.36,88.72,87.84,88.68
2022-05-03 01:00:00,88.66,88.77,88.2,88.43
2022-05-03 02:00:00,88.43,88.72,87.85,88.33
2022-05-03 03:00:00,88.33,88.72,88.16,88.16
2022-05-03 04:00:00,88.16,88.43,87.6,87.77
2022-05-03 05:00:00,87.76,87.98,87.24,87.45
2022-05-03 06:00:00,87.45,88.58,87.3,88.48
2022-05-03 07:00:00,88.48,88.59,87.83,87.85
2022-05-03 08:00:00,87.85,88.2,86.92,87.47
2022-05-03 09:00:00,87.49,87.82,86.8,87.04
2022-05-03 10:00:00,87.0,87.43,86.74,87.21
2022-05-03 11:00:00,87.21,87.42,86.32,86.43
2022-05-03 12:00:00,86.43,87.16,86.17,86.43
2022-05-03 13:00:00,86.43,86.45,85.2,86.03
2022-05-03 14:00:00,86.01,86.03,84.82,85.45
2022-05-03 15:00:00,85.46,85.91,84.66,85.82
2022-05-03 16:00:00,85.79,86.55,85.17,86.29
2022-05-03 17:00:00,86.3,86.37,85.74,85.8
2022-05-03 18:00:00,85.81,85.91,85.3,85.85
2022-05-03 19:00:00,85.85,86.09,85.48,86.07
2022-05-03 20:00:00,86.08,86.36,86.0,86.03
2022-05-03 21:00:00,86.03,86.76,85.99,86.1
2022-05-03 22:00:00,86.11,86.38,86.04,86.14
2022-05-03 23:00:00,86.13,86.51,85.77,85.93
2022-05-04 00:00:00,85.94,86.06,85.5,85.96
2022-05-04 01:00:00,85.94,86.85,85.92,86.85
2022-05-04 02:00:00,86.85,87.52,86.63,87.33
2022-05-04 03:00:00,87.32,88.1,87.06,87.88
2022-05-04 04:00:00,87.9,87.93,87.25,87.44
2022-05-04 05:00:00,87.45,88.73,87.37,88.56
2022-05-04 06:00:00,88.58,88.71,88.05,88.46
2022-05-04 07:00:00,88.45,88.74,87.43,87.84
2022-05-04 08:00:00,87.83,88.38,87.21,87.24
2022-05-04 09:00:00,87.24,87.95,87.15,87.2
2022-05-04 10:00:00,87.21,87.47,86.3,87.17
2022-05-04 11:00:00,87.18,88.29,86.81,87.49
2022-05-04 12:00:00,87.49,87.8,86.53,86.96
2022-05-04 13:00:00,86.96,91.24,86.51,90.75
2022-05-04 14:00:00,90.75,92.53,90.36,91.6
2022-05-04 15:00:00,91.62,91.96,91.37,91.9
2022-05-04 16:00:00,91.92,92.4,91.62,91.75
2022-05-04 17:00:00,91.77,92.37,91.77,92.08
2022-05-04 18:00:00,92.08,93.05,91.87,92.76
2022-05-04 19:00:00,92.78,94.36,92.69,93.75
2022-05-04 20:00:00,93.75,94.16,93.24,93.42
2022-05-04 21:00:00,93.41,94.33,93.32,94.3
2022-05-04 22:00:00,94.29,95.21,94.12,94.31
2022-05-04 23:00:00,94.32,94.44,93.75,94.04
2022-05-05 00:00:00,94.04,94.56,93.18,93.31
2022-05-05 01:00:00,93.31,93.92,92.8,92.96
2022-05-05 02:00:00,92.96,93.48,92.81,93.17
2022-05-05 03:00:00,93.17,93.38,92.26,92.34
2022-05-05 04:00:00,92.34,92.7,92.06,92.38
2022-05-05 05:00:00,92.38,93.2,92.29,92.64
2022-05-05 06:00:00,92.63,92.95,92.14,92.31
2022-05-05 07:00:00,92.31,92.97,92.14,92.62
2022-05-05 08:00:00,92.61,92.62,89.69,89.79
2022-05-05 09:00:00,89.78,90.12,87.33,87.88
2022-05-05 10:00:00,87.88,88.0,84.24,84.94
2022-05-05 11:00:00,84.9,86.3,84.48,85.15
2022-05-05 12:00:00,85.18,85.77,82.91,83.14
2022-05-05 13:00:00,83.14,83.61,81.31,82.65
2022-05-05 14:00:00,82.63,83.9,81.4,83.75
2022-05-05 15:00:00,83.72,85.08,83.03,85.08
2022-05-05 16:00:00,85.07,85.35,84.36,84.46
2022-05-05 17:00:00,84.47,84.77,83.74,83.87
2022-05-05 18:00:00,83.87,84.93,83.87,84.52
2022-05-05 19:00:00,84.52,84.79,83.15,83.79
2022-05-05 20:00:00,83.78,84.06,83.17,83.48
2022-05-05 21:00:00,83.48,84.3,83.46,84.07
2022-05-05 22:00:00,84.09,84.23,82.52,82.8
2022-05-05 23:00:00,82.81,82.81,81.38,82.37
2022-05-06 00:00:00,82.37,83.4,82.23,83.16
2022-05-06 01:00:00,83.15,83.42,82.66,82.71
2022-05-06 02:00:00,82.73,83.25,80.98,82.41
2022-05-06 03:00:00,82.4,83.05,81.97,82.51
2022-05-06 04:00:00,82.51,83.61,82.33,83.36
2022-05-06 05:00:00,83.36,83.46,81.45,81.9
2022-05-06 06:00:00,81.9,82.63,80.39,81.22
2022-05-06 07:00:00,81.22,83.05,80.8,81.48
2022-05-06 08:00:00,81.47,82.06,79.91,80.98
2022-05-06 09:00:00,80.98,82.53,80.71,82.25
2022-05-06 10:00:00,82.24,83.2,81.46,81.77
2022-05-06 11:00:00,81.76,82.44,81.09,82.39
2022-05-06 12:00:00,82.4,82.45,81.48,81.55
2022-05-06 13:00:00,81.56,81.79,81.01,81.47
2022-05-06 14:00:00,81.47,82.28,81.14,81.94
2022-05-06 15:00:00,81.94,82.35,81.32,82.27
2022-05-06 16:00:00,82.28,82.38,81.49,81.88
2022-05-06 17:00:00,81.87,82.3,81.46,82.08
2022-05-06 18:00:00,82.08,82.31,81.5,81.68
2022-05-06 19:00:00,81.67,81.95,81.4,81.44
2022-05-06 20:00:00,81.44,81.72,81.18,81.63
2022-05-06 21:00:00,81.63,81.67,80.99,81.17
2022-05-06 22:00:00,81.12,81.22,80.34,80.48
2022-05-06 23:00:00,80.48,80.62,79.2,79.34
2022-05-07 00:00:00,79.37,80.86,79.11,80.85
2022-05-07 01:00:00,80.85,80.93,79.69,79.69
2022-05-07 02:00:00,79.69,80.52,79.38,80.44
2022-05-07 03:00:00,80.43,81.63,80.22,81.23
2022-05-07 04:00:00,81.23,81.5,80.79,80.95
2022-05-07 05:00:00,80.96,81.59,80.78,81.51
2022-05-07 06:00:00,81.53,82.0,81.36,81.77
2022-05-07 07:00:00,81.77,82.28,81.47,81.76
2022-05-07 08:00:00,81.76,81.83,80.88,81.27
2022-05-07 09:00:00,81.26,81.93,81.14,81.86
2022-05-07 10:00:00,81.86,82.16,81.59,82.05
2022-05-07 11:00:00,82.06,82.19,81.47,81.77
2022-05-07 12:00:00,81.77,81.81,81.19,81.44
2022-05-07 13:00:00,81.42,81.97,81.39,81.57
2022-05-07 14:00:00,81.55,81.75,81.3,81.41
2022-05-07 15:00:00,81.4,81.4,80.56,80.82
2022-05-07 16:00:00,80.82,81.02,78.32,78.41
2022-05-07 17:00:00,78.41,79.43,77.13,77.83
2022-05-07 18:00:00,77.82,79.92,77.71,78.83
2022-05-07 19:00:00,78.84,79.36,78.25,78.43
2022-05-07 20:00:00,78.42,78.84,77.33,77.33
2022-05-07 21:00:00,77.31,77.58,75.9,76.99
2022-05-07 22:00:00,76.98,77.15,75.93,76.92
2022-05-07 23:00:00,76.92,78.09,76.92,77.26
2022-05-08 00:00:00,77.27,77.83,77.19,77.7
2022-05-08 01:00:00,77.71,78.58,77.7,78.23
2022-05-08 02:00:00,78.23,78.55,77.84,77.85
2022-05-08 03:00:00,77.85,78.55,77.85,78.32
2022-05-08 04:00:00,78.32,78.58,77.8,78.13
2022-05-08 05:00:00,78.14,78.91,77.77,78.91
2022-05-08 06:00:00,78.91,79.34,78.76,79.08
2022-05-08 07:00:00,79.08,79.32,77.63,77.87
2022-05-08 08:00:00,77.86,78.03,76.92,76.98
2022-05-08 09:00:00,77.04,78.34,76.73,77.85
2022-05-08 10:00:00,77.83,78.28,77.08,77.11
2022-05-08 11:00:00,77.14,78.06,77.1,77.45
2022-05-08 12:00:00,77.46,77.46,73.69,75.02
2022-05-08 13:00:00,75.02,76.48,74.5,76.26
2022-05-08 14:00:00,76.26,76.81,76.15,76.33
2022-05-08 15:00:00,76.34,76.45,75.5,75.79
2022-05-08 16:00:00,75.8,76.5,75.8,76.44
2022-05-08 17:00:00,76.41,76.5,75.26,75.82
2022-05-08 18:00:00,75.8,75.9,74.66,75.36
2022-05-08 19:00:00,75.37,77.1,75.18,76.53
2022-05-08 20:00:00,76.56,77.18,75.71,75.76
2022-05-08 21:00:00,75.77,75.8,73.7,74.6
2022-05-08 22:00:00,74.61,76.37,74.27,75.2
2022-05-08 23:00:00,75.23,76.02,74.98,75.13
2022-05-09 00:00:00,75.15,75.4,74.28,74.4
2022-05-09 01:00:00,74.39,74.71,73.32,74.2
2022-05-09 02:00:00,74.19,74.72,73.86,73.95
2022-05-09 03:00:00,73.92,74.92,73.5,74.77
2022-05-09 04:00:00,74.78,75.23,73.9,74.1
2022-05-09 05:00:00,74.1,74.26,70.63,71.39
2022-05-09 06:00:00,71.44,72.3,70.97,72.22
2022-05-09 07:00:00,72.22,72.27,71.18,71.33
2022-05-09 08:00:00,71.36,73.11,70.52,71.5
2022-05-09 09:00:00,71.53,71.74,70.23,70.87
2022-05-09 10:00:00,70.85,71.61,69.17,69.8
2022-05-09 11:00:00,69.83,70.34,65.05,66.76
2022-05-09 12:00:00,66.76,68.49,65.02,67.07
2022-05-09 13:00:00,67.07,67.63,62.91,65.91
2022-05-09 14:00:00,65.93,66.64,62.87,65.07
2022-05-09 15:00:00,65.1,68.42,65.09,66.54
2022-05-09 16:00:00,66.56,68.15,65.81,66.03
2022-05-09 17:00:00,66.04,67.17,65.21,65.58
2022-05-09 18:00:00,65.56,66.23,61.69,62.19
2022-05-09 19:00:00,62.16,65.72,60.13,64.96
2022-05-09 20:00:00,64.98,66.63,63.76,64.2
2022-05-09 21:00:00,64.21,66.02,63.54,65.32
2022-05-09 22:00:00,65.31,65.75,64.41,64.45
2022-05-09 23:00:00,64.45,68.42,64.07,67.86
2022-05-10 00:00:00,67.84,71.89,67.77,70.93
2022-05-10 01:00:00,70.94,73.1,70.17,70.66
2022-05-10 02:00:00,70.71,71.34,68.89,68.89
2022-05-10 03:00:00,68.88,70.49,68.85,69.92
2022-05-10 04:00:00,69.94,70.31,68.48,68.64
2022-05-10 05:00:00,68.65,69.85,68.41,69.11
2022-05-10 06:00:00,69.11,72.06,68.86,71.56
2022-05-10 07:00:00,71.56,73.81,71.12,73.41
2022-05-10 08:00:00,73.38,74.08,70.93,72.24
2022-05-10 09:00:00,72.25,73.2,68.86,69.28
2022-05-10 10:00:00,69.32,70.64,67.17,69.44
2022-05-10 11:00:00,69.46,70.2,68.27,69.2
2022-05-10 12:00:00,69.18,71.07,69.15,70.82
2022-05-10 13:00:00,70.81,70.85,69.13,69.63
2022-05-10 14:00:00,69.64,69.79,67.11,67.49
2022-05-10 15:00:00,67.5,67.68,65.2,65.59
2022-05-10 16:00:00,65.59,66.2,63.48,63.71
2022-05-10 17:00:00,63.69,65.97,63.21,65.11
2022-05-10 18:00:00,65.13,67.5,64.75,66.87
2022-05-10 19:00:00,66.88,68.31,65.97,67.19
2022-05-10 20:00:00,67.18,67.41,65.43,65.58
2022-05-10 21:00:00,65.59,68.22,65.0,67.84
2022-05-10 22:00:00,67.84,68.22,66.11,66.19
2022-05-10 23:00:00,66.18,66.8,65.0,65.38
2022-05-11 00:00:00,65.4,68.41,65.12,65.88
2022-05-11 01:00:00,65.86,66.34,61.38,62.31
2022-05-11 02:00:00,62.31,64.13,60.65,62.58
2022-05-11 03:00:00,62.61,64.7,61.65,64.32
2022-05-11 04:00:00,64.32,66.12,63.11,65.94
2022-05-11 05:00:00,65.98,66.37,64.63,64.73
2022-05-11 06:00:00,64.74,64.84,61.0,61.35
2022-05-11 07:00:00,61.39,63.88,47.48,49.53
2022-05-11 08:00:00,49.44,59.4,48.8,56.65
2022-05-11 09:00:00,56.65,60.03,55.0,58.14
2022-05-11 10:00:00,58.14,58.23,54.87,55.46
2022-05-11 11:00:00,55.44,56.7,52.54,52.74
2022-05-11 12:00:00,52.73,53.51,49.77,51.97
2022-05-11 13:00:00,51.96,52.57,49.84,50.13
2022-05-11 14:00:00,50.07,50.63,46.9,47.79
2022-05-11 15:00:00,47.79,49.28,43.03,44.08
2022-05-11 16:00:00,44.04,47.9,43.05,47.01
2022-05-11 17:00:00,47.01,49.68,46.22,47.58
2022-05-11 18:00:00,47.59,50.79,47.37,50.61
2022-05-11 19:00:00,50.64,54.06,49.99,51.96
2022-05-11 20:00:00,51.94,52.63,48.61,48.88
2022-05-11 21:00:00,48.86,52.84,47.8,48.56
2022-05-11 22:00:00,48.55,49.28,44.85,44.91
2022-05-11 23:00:00,44.9,46.68,42.15,43.89
2022-05-12 00:00:00,43.89,44.56,40.11,41.63
2022-05-12 01:00:00,41.63,43.99,39.08,39.18
2022-05-12 02:00:00,39.18,45.78,34.32,43.88
2022-05-12 03:00:00,43.88,44.67,41.93,43.13
2022-05-12 04:00:00,43.11,44.49,42.04,42.18
2022-05-12 05:00:00,42.19,47.29,40.71,44.32
2022-05-12 06:00:00,44.35,46.34,43.34,43.56
2022-05-12 07:00:00,43.53,45.16,42.39,44.66
2022-05-12 08:00:00,44.64,45.62,42.41,43.2
2022-05-12 09:00:00,43.19,47.45,42.72,47.45
2022-05-12 10:00:00,47.45,49.07,44.47,44.51
2022-05-12 11:00:00,44.48,47.92,44.43,47.26
2022-05-12 12:00:00,47.26,47.85,44.67,44.93
2022-05-12 13:00:00,44.91,45.51,43.15,43.78
2022-05-12 14:00:00,43.77,45.37,43.55,44.54
2022-05-12 15:00:00,44.51,45.15,43.74,44.23
2022-05-12 16:00:00,44.2,44.2,41.38,42.49
2022-05-12 17:00:00,42.46,43.43,42.04,43.1
2022-05-12 18:00:00,43.1,45.51,43.1,44.53
2022-05-12 19:00:00,44.48,46.76,43.7,46.49
2022-05-12 20:00:00,46.49,47.32,44.6,44.82
2022-05-12 21:00:00,44.82,47.9,44.71,47.57
2022-05-12 22:00:00,47.61,51.96,47.58,50.29
2022-05-12 23:00:00,50.3,51.98,49.47,50.05
2022-05-13 00:00:00,50.08,53.77,49.7,52.22
2022-05-13 01:00:00,52.15,52.96,51.0,51.5
2022-05-13 02:00:00,51.48,51.79,48.74,48.96
2022-05-13 03:00:00,48.96,51.63,48.95,51.31
2022-05-13 04:00:00,51.32,52.56,50.41,50.94
2022-05-13 05:00:00,50.95,52.9,50.21,52.38
2022-05-13 06:00:00,52.36,53.2,51.07,53.12
2022-05-13 07:00:00,53.13,53.96,52.24,53.16
2022-05-13 08:00:00,53.16,54.98,51.85,54.72
2022-05-13 09:00:00,54.71,56.4,54.32,54.68
2022-05-13 10:00:00,54.68,54.99,52.62,53.0
2022-05-13 11:00:00,53.03,54.14,51.05,51.53
2022-05-13 12:00:00,51.51,53.41,49.92,49.99
2022-05-13 13:00:00,49.98,51.97,49.6,51.74
2022-05-13 14:00:00,51.76,51.85,50.71,51.41
2022-05-13 15:00:00,51.44,51.84,50.24,50.4
2022-05-13 16:00:00,50.41,51.27,50.12,51.06
2022-05-13 17:00:00,51.06,51.58,49.96,50.03
2022-05-13 18:00:00,50.04,50.28,48.15,48.82
2022-05-13 19:00:00,48.83,51.11,48.48,51.1
2022-05-13 20:00:00,51.07,51.63,50.14,51.04
2022-05-13 21:00:00,51.04,53.79,50.29,52.46
2022-05-13 22:00:00,52.47,53.2,51.42,51.63
2022-05-13 23:00:00,51.61,53.26,50.95,51.47
2022-05-14 00:00:00,51.47,52.29,51.11,51.77
2022-05-14 01:00:00,51.78,52.29,50.63,51.71
2022-05-14 02:00:00,51.71,52.14,50.44,50.64
2022-05-14 03:00:00,50.66,51.45,50.21,50.92
2022-05-14 04:00:00,50.92,51.15,49.67,49.98
2022-05-14 05:00:00,49.98,49.99,48.28,48.66
2022-05-14 06:00:00,48.67,49.28,47.29,47.93
2022-05-14 07:00:00,47.93,49.07,47.63,47.8
2022-05-14 08:00:00,47.81,48.23,46.69,46.78
2022-05-14 09:00:00,46.79,47.01,46.06,46.73
2022-05-14 10:00:00,46.73,47.48,46.04,46.37
2022-05-14 11:00:00,46.38,48.85,45.78,47.76
2022-05-14 12:00:00,47.78,48.9,47.27,48.71
2022-05-14 13:00:00,48.74,50.66,48.4,49.14
2022-05-14 14:00:00,49.15,49.91,48.58,49.31
2022-05-14 15:00:00,49.32,50.71,49.25,49.82
2022-05-14 16:00:00,49.83,52.19,49.68,50.94
2022-05-14 17:00:00,50.94,52.45,50.69,52.18
2022-05-14 18:00:00,52.19,52.88,51.53,52.34
2022-05-14 19:00:00,52.37,52.64,50.9,51.01
2022-05-14 20:00:00,51.0,51.22,50.57,50.76
2022-05-14 21:00:00,50.76,51.29,49.78,50.24
2022-05-14 22:00:00,50.25,50.46,49.56,50.12
2022-05-14 23:00:00,50.13,50.68,49.86,50.05
2022-05-15 00:00:00,50.04,51.43,49.8,50.96
2022-05-15 01:00:00,50.98,51.94,50.57,51.73
2022-05-15 02:00:00,51.73,52.5,51.28,51.39
2022-05-15 03:00:00,51.38,51.92,50.8,51.12
2022-05-15 04:00:00,51.12,51.59,50.7,51.54
2022-05-15 05:00:00,51.54,52.7,51.18,52.66
2022-05-15 06:00:00,52.68,53.6,51.97,53.4
2022-05-15 07:00:00,53.4,54.01,52.6,53.21
2022-05-15 08:00:00,53.2,53.4,52.2,52.68
2022-05-15 09:00:00,52.68,53.53,52.1,53.39
2022-05-15 10:00:00,53.4,54.74,52.32,52.83
2022-05-15 11:00:00,52.79,54.62,52.62,54.41
2022-05-15 12:00:00,54.41,54.74,53.91,54.38
2022-05-15 13:00:00,54.38,55.57,53.78,54.98
2022-05-15 14:00:00,54.98,55.3,54.22,55.2
2022-05-15 15:00:00,55.19,56.92,54.95,56.73
2022-05-15 16:00:00,56.75,57.99,56.16,57.39
2022-05-15 17:00:00,57.41,58.48,56.81,57.67
2022-05-15 18:00:00,57.68,59.24,57.47,58.77
2022-05-15 19:00:00,58.77,58.77,56.73,57.17
2022-05-15 20:00:00,57.15,57.33,56.03,56.43
2022-05-15 21:00:00,56.43,57.3,55.49,56.38
2022-05-15 22:00:00,56.38,56.53,55.23,56.03
2022-05-15 23:00:00,56.04,56.06,54.71,55.38
2022-05-16 00:00:00,55.38,56.35,55.03,55.49
2022-05-16 01:00:00,55.49,55.49,53.26,53.65
2022-05-16 02:00:00,53.65,54.35,53.11,53.74
2022-05-16 03:00:00,53.75,54.55,53.57,54.38
2022-05-16 04:00:00,54.38,54.38,52.6,53.08
2022-05-16 05:00:00,53.11,55.17,52.51,54.98
2022-05-16 06:00:00,54.99,55.02,53.76,53.77
2022-05-16 07:00:00,53.77,55.19,52.88,54.43
2022-05-16 08:00:00,54.42,55.43,52.97,53.0
2022-05-16 09:00:00,53.0,53.92,52.13,52.21
2022-05-16 10:00:00,52.21,53.53,51.81,53.21
2022-05-16 11:00:00,53.22,53.61,52.17,52.67
2022-05-16 12:00:00,52.65,54.83,52.53,54.63
2022-05-16 13:00:00,54.64,55.4,54.26,54.77
2022-05-16 14:00:00,54.78,55.4,53.71,53.94
2022-05-16 15:00:00,53.95,54.93,53.7,54.89
2022-05-16 16:00:00,54.89,55.75,54.55,54.91
2022-05-16 17:00:00,54.92,55.49,54.03,54.29
2022-05-16 18:00:00,54.28,54.56,53.09,53.72
2022-05-16 19:00:00,53.73,55.11,53.63,54.84
2022-05-16 20:00:00,54.84,55.0,53.78,54.56
2022-05-16 21:00:00,54.57,55.09,54.25,54.89
2022-05-16 22:00:00,54.88,56.08,54.71,55.67
2022-05-16 23:00:00,55.67,56.89,55.01,56.49
2022-05-17 00:00:00,56.48,56.92,56.03,56.76
2022-05-17 01:00:00,56.79,57.58,56.32,57.54
2022-05-17 02:00:00,57.58,57.6,55.56,55.71
2022-05-17 03:00:00,55.7,56.84,55.51,56.25
2022-05-17 04:00:00,56.25,57.02,56.2,56.67
2022-05-17 05:00:00,56.69,56.69,55.77,55.92
2022-05-17 06:00:00,55.91,56.42,55.36,55.61
2022-05-17 07:00:00,55.6,57.44,55.49,57.38
2022-05-17 08:00:00,57.37,58.18,56.89,57.26
2022-05-17 09:00:00,57.26,57.56,54.49,54.69
2022-05-17 10:00:00,54.69,55.52,54.23,55.1
2022-05-17 11:00:00,55.09,55.37,53.95,55.11
2022-05-17 12:00:00,55.12,55.54,54.67,54.79
2022-05-17 13:00:00,54.74,55.47,53.0,54.36
2022-05-17 14:00:00,54.37,56.01,54.15,55.14
2022-05-17 15:00:00,55.12,56.19,54.94,55.25
2022-05-17 16:00:00,55.26,56.76,55.16,56.43
2022-05-17 17:00:00,56.45,57.3,56.18,56.48
2022-05-17 18:00:00,56.49,57.54,56.49,56.95
2022-05-17 19:00:00,56.95,57.8,56.9,57.13
2022-05-17 20:00:00,57.13,57.19,55.96,56.11
2022-05-17 21:00:00,56.13,56.68,56.0,56.62
2022-05-17 22:00:00,56.61,56.61,54.81,55.02
2022-05-17 23:00:00,55.01,55.66,54.89,55.17
2022-05-18 00:00:00,55.18,55.96,54.91,55.88
2022-05-18 01:00:00,55.87,56.18,54.78,54.8
2022-05-18 02:00:00,54.81,55.41,54.71,55.36
2022-05-18 03:00:00,55.36,55.48,54.33,54.74
2022-05-18 04:00:00,54.74,54.85,53.87,54.32
2022-05-18 05:00:00,54.32,54.5,53.97,54.26
2022-05-18 06:00:00,54.26,54.34,53.73,54.12
2022-05-18 07:00:00,54.14,54.24,52.77,53.02
2022-05-18 08:00:00,53.01,53.25,51.23,51.5
2022-05-18 09:00:00,51.49,52.26,50.39,50.96
2022-05-18 10:00:00,50.97,51.07,49.46,50.34
2022-05-18 11:00:00,50.33,51.38,49.75,51.09
2022-05-18 12:00:00,51.09,51.21,50.34,50.56
2022-05-18 13:00:00,50.57,51.31,50.01,51.04
2022-05-18 14:00:00,51.05,51.92,51.04,51.65
2022-05-18 15:00:00,51.65,51.69,50.28,51.03
2022-05-18 16:00:00,51.03,51.56,50.59,50.92
2022-05-18 17:00:00,50.92,51.59,50.55,50.82
2022-05-18 18:00:00,50.81,51.2,49.32,49.86
2022-05-18 19:00:00,49.86,50.89,49.65,50.4
2022-05-18 20:00:00,50.39,50.89,48.02,48.53
2022-05-18 21:00:00,48.57,50.18,48.26,49.94
2022-05-18 22:00:00,49.94,50.87,49.86,50.55
2022-05-18 23:00:00,50.58,51.43,50.54,50.59
2022-05-19 00:00:00,50.59,50.79,50.1,50.34
2022-05-19 01:00:00,50.37,52.17,50.37,52.08
2022-05-19 02:00:00,52.08,52.2,50.5,51.02
2022-05-19 03:00:00,51.02,51.15,49.42,49.43
2022-05-19 04:00:00,49.42,49.95,48.21,48.88
2022-05-19 05:00:00,48.89,49.58,48.29,49.24
2022-05-19 06:00:00,49.24,51.49,48.62,51.17
2022-05-19 07:00:00,51.17,51.32,50.27,50.66
2022-05-19 08:00:00,50.66,52.18,50.22,51.01
2022-05-19 09:00:00,50.99,52.75,50.97,52.07
2022-05-19 10:00:00,52.07,54.02,51.74,53.17
2022-05-19 11:00:00,53.18,53.51,52.51,53.06
2022-05-19 12:00:00,53.07,53.45,52.25,53.05
2022-05-19 13:00:00,53.06,53.38,52.38,52.61
2022-05-19 14:00:00,52.63,52.86,51.52,51.54
2022-05-19 15:00:00,51.54,52.22,51.4,52.07
2022-05-19 16:00:00,52.07,52.48,51.7,51.81
2022-05-19 17:00:00,51.8,51.8,50.65,51.32
2022-05-19 18:00:00,51.32,52.6,51.11,52.11
2022-05-19 19:00:00,52.14,52.36,51.53,52.16
2022-05-19 20:00:00,52.15,53.49,51.7,53.01
2022-05-19 21:00:00,53.0,53.07,51.96,52.34
2022-05-19 22:00:00,52.34,52.47,51.38,51.43
2022-05-19 23:00:00,51.42,51.93,50.54,50.96
2022-05-20 00:00:00,50.95,52.04,50.56,52.01
2022-05-20 01:00:00,52.01,52.22,50.6,51.26
2022-05-20 02:00:00,51.25,52.3,50.85,52.03
2022-05-20 03:00:00,52.02,52.78,51.77,52.47
2022-05-20 04:00:00,52.47,53.14,52.18,52.79
2022-05-20 05:00:00,52.78,53.36,52.7,53.33
2022-05-20 06:00:00,53.33,53.6,52.37,53.14
2022-05-20 07:00:00,53.14,53.19,51.47,52.14
2022-05-20 08:00:00,52.13,52.65,51.43,52.07
2022-05-20 09:00:00,52.06,52.12,50.07,50.33
2022-05-20 10:00:00,50.32,50.32,49.23,49.36
2022-05-20 11:00:00,49.36,49.4,47.75,48.47
2022-05-20 12:00:00,48.46,49.05,47.81,48.97
2022-05-20 13:00:00,48.97,49.34,48.29,49.01
2022-05-20 14:00:00,49.0,50.25,48.78,50.1
2022-05-20 15:00:00,50.1,50.71,49.72,50.1
2022-05-20 16:00:00,50.09,50.37,49.5,49.67
2022-05-20 17:00:00,49.67,50.31,49.51,49.68
2022-05-20 18:00:00,49.68,50.29,49.27,49.38
2022-05-20 19:00:00,49.38,49.85,48.76,49.27
2022-05-20 20:00:00,49.27,49.38,48.36,49.23
2022-05-20 21:00:00,49.25,49.9,48.94,49.69
2022-05-20 22:00:00,49.66,50.14,49.16,50.07
2022-05-20 23:00:00,50.08,50.16,49.71,49.9
2022-05-21 00:00:00,49.91,50.0,49.41,49.63
2022-05-21 01:00:00,49.64,49.99,49.37,49.97
2022-05-21 02:00:00,49.98,50.31,49.61,49.94
2022-05-21 03:00:00,49.94,50.15,49.6,49.98
2022-05-21 04:00:00,49.96,50.0,49.51,49.55
2022-05-21 05:00:00,49.58,49.94,49.47,49.71
2022-05-21 06:00:00,49.71,49.73,48.89,49.38
2022-05-21 07:00:00,49.37,49.61,48.93,49.49
2022-05-21 08:00:00,49.48,50.08,49.32,49.84
2022-05-21 09:00:00,49.84,50.65,49.66,50.62
2022-05-21 10:00:00,50.61,50.77,50.14,50.63
2022-05-21 11:00:00,50.64,51.15,50.23,50.41
2022-05-21 12:00:00,50.42,50.65,50.0,50.03
2022-05-21 13:00:00,50.02,50.42,49.96,50.41
2022-05-21 14:00:00,50.4,50.55,49.88,50.14
2022-05-21 15:00:00,50.13,50.33,49.72,49.99
2022-05-21 16:00:00,49.99,50.11,49.47,49.49
2022-05-21 17:00:00,49.48,50.22,49.39,50.22
2022-05-21 18:00:00,50.23,50.58,50.11,50.24
2022-05-21 19:00:00,50.23,50.67,50.16,50.44
2022-05-21 20:00:00,50.44,50.66,50.28,50.4
2022-05-21 21:00:00,50.39,50.41,49.87,50.1
2022-05-21 22:00:00,50.1,50.37,49.9,50.08
2022-05-21 23:00:00,50.06,50.1,49.62,49.84
2022-05-22 00:00:00,49.84,50.3,49.81,50.04
2022-05-22 01:00:00,50.01,50.47,49.95,50.32
2022-05-22 02:00:00,50.31,50.36,49.8,50.21
2022-05-22 03:00:00,50.21,50.62,50.13,50.53
2022-05-22 04:00:00,50.52,51.59,50.39,51.51
2022-05-22 05:00:00,51.51,51.91,51.2,51.62
2022-05-22 06:00:00,51.62,51.81,51.14,51.43
2022-05-22 07:00:00,51.42,51.92,51.42,51.72
2022-05-22 08:00:00,51.72,51.76,51.3,51.46
2022-05-22 09:00:00,51.46,52.85,51.27,52.04
2022-05-22 10:00:00,52.05,52.26,51.31,51.75
2022-05-22 11:00:00,51.75,51.85,51.08,51.54
2022-05-22 12:00:00,51.53,52.16,51.35,51.35
2022-05-22 13:00:00,51.35,51.62,51.11,51.59
2022-05-22 14:00:00,51.58,51.77,51.23,51.36
2022-05-22 15:00:00,51.36,52.42,51.25,51.85
2022-05-22 16:00:00,51.85,52.09,51.59,51.64
2022-05-22 17:00:00,51.65,53.0,51.65,52.45
2022-05-22 18:00:00,52.45,53.11,52.38,52.42
2022-05-22 19:00:00,52.41,53.13,52.16,52.7
2022-05-22 20:00:00,52.7,52.7,52.07,52.3
2022-05-22 21:00:00,52.29,52.29,51.76,52.0
2022-05-22 22:00:00,51.99,52.33,51.91,52.18
2022-05-22 23:00:00,52.17,52.44,51.92,51.97
2022-05-23 00:00:00,51.97,52.44,51.86,52.4
2022-05-23 01:00:00,52.4,53.12,52.32,52.9
2022-05-23 02:00:00,52.91,54.33,52.8,53.5
2022-05-23 03:00:00,53.51,53.94,53.15,53.34
2022-05-23 04:00:00,53.34,53.79,52.91,53.56
2022-05-23 05:00:00,53.56,54.02,53.54,53.95
2022-05-23 06:00:00,53.95,54.64,53.72,53.95
2022-05-23 07:00:00,53.96,54.6,53.53,53.62
2022-05-23 08:00:00,53.63,54.02,52.83,53.3
2022-05-23 09:00:00,53.3,53.32,52.18,52.97
2022-05-23 10:00:00,52.97,54.15,52.9,53.82
2022-05-23 11:00:00,53.81,54.35,53.25,53.59
2022-05-23 12:00:00,53.61,53.62,52.77,52.91
2022-05-23 13:00:00,52.91,53.18,51.6,51.93
2022-05-23 14:00:00,51.96,51.99,49.99,50.03
2022-05-23 15:00:00,50.03,50.87,49.7,50.83
2022-05-23 16:00:00,50.82,51.0,50.12,50.2
2022-05-23 17:00:00,50.21,50.22,48.78,49.24
2022-05-23 18:00:00,49.24,49.31,48.56,49.1
2022-05-23 19:00:00,49.1,49.69,48.83,49.3
2022-05-23 20:00:00,49.31,49.78,49.11,49.57
2022-05-23 21:00:00,49.57,49.8,49.46,49.63
2022-05-23 22:00:00,49.63,49.93,49.54,49.81
2022-05-23 23:00:00,49.84,50.26,49.59,49.81
2022-05-24 00:00:00,49.82,50.12,49.59,49.68
2022-05-24 01:00:00,49.67,50.01,49.35,49.61
2022-05-24 02:00:00,49.61,49.89,49.44,49.78
2022-05-24 03:00:00,49.77,49.92,48.81,48.83
2022-05-24 04:00:00,48.83,49.45,48.63,49.31
2022-05-24 05:00:00,49.32,49.59,49.15,49.59
2022-05-24 06:00:00,49.59,49.88,49.18,49.49
2022-05-24 07:00:00,49.47,49.67,49.06,49.3
2022-05-24 08:00:00,49.3,49.37,47.58,47.85
2022-05-24 09:00:00,47.86,48.43,47.06,48.32
2022-05-24 10:00:00,48.33,50.55,48.22,50.08
2022-05-24 11:00:00,50.04,50.79,49.12,49.5
2022-05-24 12:00:00,49.53,49.53,48.5,49.44
2022-05-24 13:00:00,49.43,49.78,48.75,48.93
2022-05-24 14:00:00,48.91,49.58,48.6,49.05
2022-05-24 15:00:00,49.04,49.45,48.69,49.38
2022-05-24 16:00:00,49.36,49.87,49.23,49.64
2022-05-24 17:00:00,49.65,49.82,49.35,49.55
2022-05-24 18:00:00,49.54,50.07,49.47,49.63
2022-05-24 19:00:00,49.62,49.8,49.08,49.26
2022-05-24 20:00:00,49.25,49.86,48.98,49.75
2022-05-24 21:00:00,49.74,50.49,49.44,50.31
2022-05-24 22:00:00,50.33,50.49,49.77,50.27
2022-05-24 23:00:00,50.28,50.29,49.5,49.62
2022-05-25 00:00:00,49.59,49.89,48.99,49.12
2022-05-25 01:00:00,49.11,49.28,48.49,49.1
2022-05-25 02:00:00,49.09,49.34,48.72,48.77
2022-05-25 03:00:00,48.78,49.33,48.35,49.13
2022-05-25 04:00:00,49.13,49.29,48.69,49.03
2022-05-25 05:00:00,49.04,49.24,48.45,48.45
2022-05-25 06:00:00,48.44,48.66,47.52,47.63
2022-05-25 07:00:00,47.63,48.19,47.51,48.03
2022-05-25 08:00:00,48.02,48.63,47.72,48.41
2022-05-25 09:00:00,48.4,48.84,48.17,48.44
2022-05-25 10:00:00,48.45,48.59,47.86,48.2
2022-05-25 11:00:00,48.2,48.27,47.76,48.03
2022-05-25 12:00:00,48.02,48.45,47.93,48.33
2022-05-25 13:00:00,48.32,48.94,47.77,48.75
2022-05-25 14:00:00,48.78,49.08,48.19,48.25
2022-05-25 15:00:00,48.25,48.66,48.11,48.61
2022-05-25 16:00:00,48.61,48.76,48.41,48.68
2022-05-25 17:00:00,48.69,48.86,48.34,48.64
2022-05-25 18:00:00,48.64,48.67,47.82,47.92
2022-05-25 19:00:00,47.92,48.6,47.83,48.42
2022-05-25 20:00:00,48.43,48.5,47.95,48.01
2022-05-25 21:00:00,48.02,48.5,48.02,48.27
2022-05-25 22:00:00,48.28,48.34,47.82,48.13
2022-05-25 23:00:00,48.14,48.27,47.59,47.7
2022-05-26 00:00:00,47.68,47.97,46.36,46.73
2022-05-26 01:00:00,46.71,46.83,45.88,46.39
2022-05-26 02:00:00,46.37,46.41,45.53,46.36
2022-05-26 03:00:00,46.36,46.44,43.61,44.19
2022-05-26 04:00:00,44.18,44.47,43.67,44.18
2022-05-26 05:00:00,44.17,44.43,43.87,44.04
2022-05-26 06:00:00,44.02,44.14,43.09,43.66
2022-05-26 07:00:00,43.67,44.23,43.26,43.58
2022-05-26 08:00:00,43.59,44.34,41.63,44.05
2022-05-26 09:00:00,44.04,45.39,43.99,45.08
2022-05-26 10:00:00,45.08,45.87,44.48,45.06
2022-05-26 11:00:00,45.06,46.8,44.98,45.66
2022-05-26 12:00:00,45.67,45.96,45.31,45.87
2022-05-26 13:00:00,45.87,45.89,44.1,44.54
2022-05-26 14:00:00,44.55,44.63,43.85,44.0
2022-05-26 15:00:00,44.0,44.62,43.79,44.08
2022-05-26 16:00:00,44.08,44.65,44.07,44.3
2022-05-26 17:00:00,44.31,44.78,43.83,43.96
2022-05-26 18:00:00,43.96,44.23,43.25,43.39
2022-05-26 19:00:00,43.39,43.88,42.94,43.25
2022-05-26 20:00:00,43.26,43.39,41.38,41.65
2022-05-26 21:00:00,41.66,43.03,41.15,42.17
2022-05-26 22:00:00,42.18,43.21,42.05,42.61
2022-05-26 23:00:00,42.62,42.86,41.29,41.48
2022-05-27 00:00:00,41.47,41.66,39.88,40.51
2022-05-27 01:00:00,40.52,41.46,40.01,41.25
2022-05-27 02:00:00,41.24,41.89,40.96,40.99
2022-05-27 03:00:00,40.99,41.56,40.47,40.81
2022-05-27 04:00:00,40.81,41.35,40.58,41.32
2022-05-27 05:00:00,41.31,41.72,40.51,40.66
2022-05-27 06:00:00,40.64,42.22,40.56,41.53
2022-05-27 07:00:00,41.52,43.15,41.22,42.86
2022-05-27 08:00:00,42.85,43.57,42.35,43.37
2022-05-27 09:00:00,43.38,43.52,41.78,42.21
2022-05-27 10:00:00,42.22,42.81,41.78,42.1
2022-05-27 11:00:00,42.1,42.32,41.42,41.68
2022-05-27 12:00:00,41.68,42.18,40.83,41.02
2022-05-27 13:00:00,41.02,41.39,40.38,41.04
2022-05-27 14:00:00,41.04,42.31,40.56,41.8
2022-05-27 15:00:00,41.81,42.58,41.54,41.87
2022-05-27 16:00:00,41.87,42.11,41.39,41.48
2022-05-27 17:00:00,41.46,41.85,41.19,41.29
2022-05-27 18:00:00,41.3,41.4,40.51,41.12
2022-05-27 19:00:00,41.13,42.02,40.97,41.98
2022-05-27 20:00:00,41.98,42.44,40.93,41.01
2022-05-27 21:00:00,41.04,41.38,40.14,40.72
2022-05-27 22:00:00,40.72,41.35,40.34,41.27
2022-05-27 23:00:00,41.29,41.62,41.03,41.42
2022-05-28 00:00:00,41.42,42.12,41.28,42.06
2022-05-28 01:00:00,42.08,42.15,41.65,41.83
2022-05-28 02:00:00,41.82,41.91,41.43,41.66
2022-05-28 03:00:00,41.66,41.78,41.28,41.4
2022-05-28 04:00:00,41.4,41.52,41.17,41.35
2022-05-28 05:00:00,41.35,41.64,41.08,41.4
2022-05-28 06:00:00,41.42,41.93,41.24,41.55
2022-05-28 07:00:00,41.53,42.16,41.43,41.97
2022-05-28 08:00:00,41.99,42.41,41.89,42.29
2022-05-28 09:00:00,42.29,42.58,41.77,41.91
2022-05-28 10:00:00,41.9,43.46,41.78,42.91
2022-05-28 11:00:00,42.93,43.73,42.73,42.89
2022-05-28 12:00:00,42.89,43.01,42.5,42.97
2022-05-28 13:00:00,42.97,43.7,42.92,43.63
2022-05-28 14:00:00,43.63,44.7,43.44,44.37
2022-05-28 15:00:00,44.37,44.38,43.84,44.16
2022-05-28 16:00:00,44.16,44.37,43.72,43.89
2022-05-28 17:00:00,43.89,44.29,43.67,43.98
2022-05-28 18:00:00,43.98,45.04,43.95,44.2
2022-05-28 19:00:00,44.21,44.35,43.85,43.9
2022-05-28 20:00:00,43.91,44.24,42.84,43.17
2022-05-28 21:00:00,43.16,43.17,42.1,42.26
2022-05-28 22:00:00,42.25,42.49,42.14,42.3
2022-05-28 23:00:00,42.31,42.41,41.61,41.94
2022-05-29 00:00:00,41.95,42.41,41.83,42.37
2022-05-29 01:00:00,42.39,42.57,42.22,42.53
2022-05-29 02:00:00,42.52,42.6,42.27,42.4
2022-05-29 03:00:00,42.4,43.53,42.29,42.91
2022-05-29 04:00:00,42.91,43.05,42.26,42.43
2022-05-29 05:00:00,42.43,43.37,42.42,43.36
2022-05-29 06:00:00,43.36,44.14,43.29,44.01
2022-05-29 07:00:00,44.02,45.22,44.02,44.91
2022-05-29 08:00:00,44.91,45.6,44.61,44.86
2022-05-29 09:00:00,44.87,45.33,44.48,44.58
2022-05-29 10:00:00,44.59,44.88,44.29,44.65
2022-05-29 11:00:00,44.66,45.27,44.56,44.88
2022-05-29 12:00:00,44.88,44.89,44.35,44.54
2022-05-29 13:00:00,44.53,44.86,44.43,44.55
2022-05-29 14:00:00,44.57,44.66,44.02,44.21
2022-05-29 15:00:00,44.21,44.52,44.13,44.29
2022-05-29 16:00:00,44.29,44.72,44.16,44.59
2022-05-29 17:00:00,44.6,45.12,44.38,44.81
2022-05-29 18:00:00,44.82,45.07,44.7,44.93
2022-05-29 19:00:00,44.94,45.06,44.23,44.29
2022-05-29 20:00:00,44.29,45.82,44.23,45.72
2022-05-29 21:00:00,45.73,46.67,45.68,46.18
2022-05-29 22:00:00,46.19,46.44,45.6,45.89
2022-05-29 23:00:00,45.9,45.97,45.5,45.7
2022-05-30 00:00:00,45.7,46.44,45.63,46.39
2022-05-30 01:00:00,46.38,47.05,46.17,46.59
2022-05-30 02:00:00,46.58,47.38,46.45,47.02
2022-05-30 03:00:00,47.03,47.19,46.57,46.73
2022-05-30 04:00:00,46.75,46.81,46.21,46.5
2022-05-30 05:00:00,46.49,46.68,45.88,45.97
2022-05-30 06:00:00,45.98,46.29,45.85,46.04
2022-05-30 07:00:00,46.03,46.62,45.08,45.5
2022-05-30 08:00:00,45.5,45.73,44.92,45.54
2022-05-30 09:00:00,45.54,46.19,45.27,45.33
2022-05-30 10:00:00,45.31,45.96,45.26,45.81
2022-05-30 11:00:00,45.81,46.27,45.53,45.97
2022-05-30 12:00:00,45.98,46.33,45.84,46.11
2022-05-30 13:00:00,46.1,46.13,45.66,45.91
2022-05-30 14:00:00,45.91,46.17,45.37,45.64
2022-05-30 15:00:00,45.64,47.24,45.43,47.23
2022-05-30 16:00:00,47.24,48.37,46.9,47.44
2022-05-30 17:00:00,47.43,47.61,46.81,47.45
2022-05-30 18:00:00,47.46,47.64,47.01,47.16
2022-05-30 19:00:00,47.18,47.87,46.51,46.78
2022-05-30 20:00:00,46.8,47.03,46.17,46.82
2022-05-30 21:00:00,46.84,48.19,46.72,47.9
2022-05-30 22:00:00,47.89,48.13,47.4,47.66
2022-05-30 23:00:00,47.66,47.8,47.2,47.24
2022-05-31 00:00:00,47.27,47.75,47.0,47.34
2022-05-31 01:00:00,47.34,47.49,46.16,46.29
2022-05-31 02:00:00,46.28,46.43,45.87,46.33
2022-05-31 03:00:00,46.33,46.89,46.31,46.54
2022-05-31 04:00:00,46.54,46.61,45.92,46.22
2022-05-31 05:00:00,46.22,46.59,45.99,46.54
2022-05-31 06:00:00,46.54,46.9,46.42,46.55
2022-05-31 07:00:00,46.55,46.78,45.98,46.19
2022-05-31 08:00:00,46.2,46.56,44.63,45.2
2022-05-31 09:00:00,45.19,45.85,44.51,45.7
2022-05-31 10:00:00,45.7,46.59,45.26,46.31
2022-05-31 11:00:00,46.31,46.77,45.62,46.21
2022-05-31 12:00:00,46.19,46.42,45.65,46.17
2022-05-31 13:00:00,46.15,46.34,45.18,45.42
2022-05-31 14:00:00,45.4,45.62,45.21,45.49
2022-05-31 15:00:00,45.5,45.8,45.42,45.8
2022-05-31 16:00:00,45.8,45.8,45.36,45.59
2022-05-31 17:00:00,45.6,46.15,45.48,46.02
2022-05-31 18:00:00,46.04,46.17,45.58,45.74
2022-05-31 19:00:00,45.74,46.09,45.06,45.95
2022-05-31 20:00:00,45.96,46.0,45.47,45.93
2022-05-31 21:00:00,45.89,45.92,45.15,45.55
2022-05-31 22:00:00,45.55,45.58,44.65,44.76
2022-05-31 23:00:00,44.73,44.97,44.31,44.75
